INSERT INTO category (id, name, parent_id)
VALUES
    (33, 'Monstre', null),
    (34, 'Carnaval', null),
    (35, 'Bandana', null),
    (36, 'Animaux', null),
    (37, 'Intégral', null),
    (38, 'Costume', null),
    (39, 'Cagoule', null),
    (40, 'Halloween', null);

INSERT INTO shop (id, name, label)
VALUES (4, 'mask', 'Magasin de masques');

INSERT INTO shop_categories (shop_id, category_id)
VALUES
    (4, 33),
    (4, 34),
    (4, 35),
    (4, 36),
    (4, 37),
    (4, 38),
    (4, 39);

INSERT INTO shop_content (shop_id, category_id, label, price, data)
VALUES
    (4, 36, 'Cochon noir', 200, '{"Components": {"1":{"Drawable":1,"Texture":0}} }'),
    (4, 36, 'Cochon sanglant', 200, '{"Components": {"1":{"Drawable":1,"Texture":1}} }'),
    (4, 36, 'Cochon marron', 200, '{"Components": {"1":{"Drawable":1,"Texture":2}} }'),
    (4, 36, 'Cochon rose', 200, '{"Components": {"1":{"Drawable":1,"Texture":3}} }'),
    (4, 37, 'Crâne d\'os', 100, '{"Components": {"1":{"Drawable":2,"Texture":0}} }'),
    (4, 37, 'Crâne noir', 100, '{"Components": {"1":{"Drawable":2,"Texture":1}} }'),
    (4, 37, 'Crâne gris', 100, '{"Components": {"1":{"Drawable":2,"Texture":2}} }'),
    (4, 37, 'Crâne gris clair', 100, '{"Components": {"1":{"Drawable":2,"Texture":3}} }'),
    (4, 36, 'Pogo', 200, '{"Components": {"1":{"Drawable":3,"Texture":0}} }'),
    (4, 37, 'Hockey Dust Devils', 100, '{"Components": {"1":{"Drawable":4,"Texture":0}} }'),
    (4, 37, 'Hockey rouge', 100, '{"Components": {"1":{"Drawable":4,"Texture":1}} }'),
    (4, 37, 'Hockey noir', 100, '{"Components": {"1":{"Drawable":4,"Texture":2}} }'),
    (4, 37, 'Hockey Dust Devils', 100, '{"Components": {"1":{"Drawable":4,"Texture":3}} }'),
    (4, 36, 'Singe rose', 200, '{"Components": {"1":{"Drawable":5,"Texture":0}} }'),
    (4, 36, 'Singe vert', 200, '{"Components": {"1":{"Drawable":5,"Texture":1}} }'),
    (4, 36, 'Singe marron', 200, '{"Components": {"1":{"Drawable":5,"Texture":2}} }'),
    (4, 36, 'Singe brun clair', 200, '{"Components": {"1":{"Drawable":5,"Texture":3}} }'),
    (4, 34, 'Jour des morts blanc', 250, '{"Components": {"1":{"Drawable":6,"Texture":0}} }'),
    (4, 34, 'Jour des morts noir', 250, '{"Components": {"1":{"Drawable":6,"Texture":1}} }'),
    (4, 34, 'Jour des morts bleu', 250, '{"Components": {"1":{"Drawable":6,"Texture":2}} }'),
    (4, 34, 'Jour des morts vert', 250, '{"Components": {"1":{"Drawable":6,"Texture":3}} }'),
    (4, 33, 'Monstre blanc', 100, '{"Components": {"1":{"Drawable":7,"Texture":0}} }'),
    (4, 33, 'Monstre noir', 100, '{"Components": {"1":{"Drawable":7,"Texture":1}} }'),
    (4, 33, 'Monstre rouge', 100, '{"Components": {"1":{"Drawable":7,"Texture":2}} }'),
    (4, 33, 'Monstre vert', 100, '{"Components": {"1":{"Drawable":7,"Texture":3}} }'),
    (4, 38, 'Père Noël blanc', 250, '{"Components": {"1":{"Drawable":8,"Texture":0}} }'),
    (4, 38, 'Père Noël noir', 250, '{"Components": {"1":{"Drawable":8,"Texture":1}} }'),
    (4, 38, 'Père Noël latino', 250, '{"Components": {"1":{"Drawable":8,"Texture":2}} }'),
    (4, 38, 'Rudolf', 250, '{"Components": {"1":{"Drawable":9,"Texture":0}} }'),
    (4, 33, 'Bonhomme de neige', 100, '{"Components": {"1":{"Drawable":10,"Texture":0}} }'),
    (4, 34, 'Loup blanc', 250, '{"Components": {"1":{"Drawable":11,"Texture":0}} }'),
    (4, 34, 'Loup rouge', 250, '{"Components": {"1":{"Drawable":11,"Texture":1}} }'),
    (4, 34, 'Loup noir', 250, '{"Components": {"1":{"Drawable":11,"Texture":2}} }'),
    (4, 34, 'Bal masqué bronze', 250, '{"Components": {"1":{"Drawable":12,"Texture":0}} }'),
    (4, 34, 'Bal masqué argent', 250, '{"Components": {"1":{"Drawable":12,"Texture":1}} }'),
    (4, 34, 'Bal masqué noir & or', 250, '{"Components": {"1":{"Drawable":12,"Texture":2}} }'),
    (4, 38, 'Chérubin', 250, '{"Components": {"1":{"Drawable":13,"Texture":0}} }'),
    (4, 37, 'Hockey balle', 100, '{"Components": {"1":{"Drawable":14,"Texture":0}} }'),
    (4, 37, 'Hockey Vinewood', 100, '{"Components": {"1":{"Drawable":14,"Texture":1}} }'),
    (4, 37, 'Hockey touriste', 100, '{"Components": {"1":{"Drawable":14,"Texture":2}} }'),
    (4, 37, 'Hockey chien', 100, '{"Components": {"1":{"Drawable":14,"Texture":3}} }'),
    (4, 37, 'Hockey loup', 100, '{"Components": {"1":{"Drawable":14,"Texture":4}} }'),
    (4, 37, 'Hockey bête', 100, '{"Components": {"1":{"Drawable":14,"Texture":5}} }'),
    (4, 37, 'Hockey ours', 100, '{"Components": {"1":{"Drawable":14,"Texture":6}} }'),
    (4, 37, 'Hockey Dust Devils', 100, '{"Components": {"1":{"Drawable":14,"Texture":7}} }'),
    (4, 37, 'Hockey Rampage à rayures', 100, '{"Components": {"1":{"Drawable":14,"Texture":8}} }'),
    (4, 37, 'Hockey royal', 100, '{"Components": {"1":{"Drawable":14,"Texture":9}} }'),
    (4, 37, 'Hockey chic', 100, '{"Components": {"1":{"Drawable":14,"Texture":10}} }'),
    (4, 37, 'Hockey zombie affreux', 100, '{"Components": {"1":{"Drawable":14,"Texture":11}} }'),
    (4, 37, 'Hockey zombie décomposé', 100, '{"Components": {"1":{"Drawable":14,"Texture":12}} }'),
    (4, 37, 'Hockey crâne enflammé', 100, '{"Components": {"1":{"Drawable":14,"Texture":13}} }'),
    (4, 37, 'Hockey crâne abominable', 100, '{"Components": {"1":{"Drawable":14,"Texture":14}} }'),
    (4, 37, 'Hockey crâne électrique', 100, '{"Components": {"1":{"Drawable":14,"Texture":15}} }'),
    (4, 37, 'Hockey crâne', 100, '{"Components": {"1":{"Drawable":15,"Texture":0}} }'),
    (4, 37, 'Hockey rapiécé', 100, '{"Components": {"1":{"Drawable":15,"Texture":1}} }'),
    (4, 37, 'Hockey rapiécé clair', 100, '{"Components": {"1":{"Drawable":15,"Texture":2}} }'),
    (4, 37, 'Hockey Rampage croix', 100, '{"Components": {"1":{"Drawable":15,"Texture":3}} }'),
    (4, 37, 'Guerrier métal', 100, '{"Components": {"1":{"Drawable":16,"Texture":0}} }'),
    (4, 37, 'Guerrier circuit', 100, '{"Components": {"1":{"Drawable":16,"Texture":1}} }'),
    (4, 37, 'Guerrier fusion', 100, '{"Components": {"1":{"Drawable":16,"Texture":2}} }'),
    (4, 37, 'Guerrier fluo', 100, '{"Components": {"1":{"Drawable":16,"Texture":3}} }'),
    (4, 37, 'Guerrier carbone', 100, '{"Components": {"1":{"Drawable":16,"Texture":4}} }'),
    (4, 37, 'Guerrier oeil de lynx', 100, '{"Components": {"1":{"Drawable":16,"Texture":5}} }'),
    (4, 37, 'Guerrier pierre', 100, '{"Components": {"1":{"Drawable":16,"Texture":6}} }'),
    (4, 37, 'Guerrier foudre', 100, '{"Components": {"1":{"Drawable":16,"Texture":7}} }'),
    (4, 37, 'Guerrier bois', 100, '{"Components": {"1":{"Drawable":16,"Texture":8}} }'),
    (4, 36, 'Chat gris', 200, '{"Components": {"1":{"Drawable":17,"Texture":0}} }'),
    (4, 36, 'Chat tigré', 200, '{"Components": {"1":{"Drawable":17,"Texture":1}} }'),
    (4, 36, 'Renard rouge', 200, '{"Components": {"1":{"Drawable":18,"Texture":0}} }'),
    (4, 36, 'Renard marron', 200, '{"Components": {"1":{"Drawable":18,"Texture":1}} }'),
    (4, 36, 'Hibou marron', 200, '{"Components": {"1":{"Drawable":19,"Texture":0}} }'),
    (4, 36, 'Hibou blanc', 200, '{"Components": {"1":{"Drawable":19,"Texture":1}} }'),
    (4, 36, 'Raton laveur gris', 200, '{"Components": {"1":{"Drawable":20,"Texture":0}} }'),
    (4, 36, 'Raton laveur noir', 200, '{"Components": {"1":{"Drawable":20,"Texture":1}} }'),
    (4, 36, 'Ours brun', 200, '{"Components": {"1":{"Drawable":21,"Texture":0}} }'),
    (4, 36, 'Ours gris', 200, '{"Components": {"1":{"Drawable":21,"Texture":1}} }'),
    (4, 36, 'Bison marron', 200, '{"Components": {"1":{"Drawable":22,"Texture":0}} }'),
    (4, 36, 'Bison or', 200, '{"Components": {"1":{"Drawable":22,"Texture":1}} }'),
    (4, 36, 'Taureau noir', 200, '{"Components": {"1":{"Drawable":23,"Texture":0}} }'),
    (4, 36, 'Taureau marron', 200, '{"Components": {"1":{"Drawable":23,"Texture":1}} }'),
    (4, 36, 'Aigle marron', 200, '{"Components": {"1":{"Drawable":24,"Texture":0}} }'),
    (4, 36, 'Aigle blanc', 200, '{"Components": {"1":{"Drawable":24,"Texture":1}} }'),
    (4, 36, 'Vautour rose', 200, '{"Components": {"1":{"Drawable":25,"Texture":0}} }'),
    (4, 36, 'Vautour noir', 200, '{"Components": {"1":{"Drawable":25,"Texture":1}} }'),
    (4, 36, 'Loup gris', 200, '{"Components": {"1":{"Drawable":26,"Texture":0}} }'),
    (4, 36, 'Loup noir', 200, '{"Components": {"1":{"Drawable":26,"Texture":1}} }'),
    (4, 38, 'Casque d\'aviateur', 250, '{"Components": {"1":{"Drawable":27,"Texture":0}} }'),
    (4, 37, 'Masque de combat noir', 100, '{"Components": {"1":{"Drawable":28,"Texture":0}} }'),
    (4, 37, 'Masque de combat gris', 100, '{"Components": {"1":{"Drawable":28,"Texture":1}} }'),
    (4, 37, 'Masque de combat anthracite', 100, '{"Components": {"1":{"Drawable":28,"Texture":2}} }'),
    (4, 37, 'Masque de combat sable', 100, '{"Components": {"1":{"Drawable":28,"Texture":3}} }'),
    (4, 37, 'Masque de combat forêt', 100, '{"Components": {"1":{"Drawable":28,"Texture":4}} }'),
    (4, 37, 'Squelette noir', 100, '{"Components": {"1":{"Drawable":29,"Texture":0}} }'),
    (4, 37, 'Squelette gris', 100, '{"Components": {"1":{"Drawable":29,"Texture":1}} }'),
    (4, 37, 'Squelette anthracite', 100, '{"Components": {"1":{"Drawable":29,"Texture":2}} }'),
    (4, 37, 'Squelette brun clair', 100, '{"Components": {"1":{"Drawable":29,"Texture":3}} }'),
    (4, 37, 'Squelette vert', 100, '{"Components": {"1":{"Drawable":29,"Texture":4}} }'),
    (4, 37, 'Hockey Arrêtez moi', 100, '{"Components": {"1":{"Drawable":30,"Texture":0}} }'),
    (4, 38, 'Penguin de Noël', 250, '{"Components": {"1":{"Drawable":31,"Texture":0}} }'),
    (4, 36, 'Bas', 150, '{"Components": {"1":{"Drawable":32,"Texture":0}} }'),
    (4, 38, 'P\'tit biscuit', 250, '{"Components": {"1":{"Drawable":33,"Texture":0}} }'),
    (4, 36, 'Elfe blanc', 150, '{"Components": {"1":{"Drawable":34,"Texture":0}} }'),
    (4, 36, 'Elfe noir', 150, '{"Components": {"1":{"Drawable":34,"Texture":1}} }'),
    (4, 36, 'Elfe latino', 150, '{"Components": {"1":{"Drawable":34,"Texture":2}} }'),
    (4, 38, 'Masque à gaz', 250, '{"Components": {"1":{"Drawable":36,"Texture":0}} }'),
    (4, 37, 'Cagoule débraillée', 100, '{"Components": {"1":{"Drawable":37,"Texture":0}} }'),
    (4, 37, 'Masque à gaz', 100, '{"Components": {"1":{"Drawable":38,"Texture":0}} }'),
    (4, 33, 'Infecté rose', 100, '{"Components": {"1":{"Drawable":39,"Texture":0}} }'),
    (4, 33, 'Infecté marron', 100, '{"Components": {"1":{"Drawable":39,"Texture":1}} }'),
    (4, 33, 'Momie blanche', 100, '{"Components": {"1":{"Drawable":40,"Texture":0}} }'),
    (4, 33, 'Momie verte', 100, '{"Components": {"1":{"Drawable":40,"Texture":1}} }'),
    (4, 33, 'Vampyr blanc', 100, '{"Components": {"1":{"Drawable":41,"Texture":0}} }'),
    (4, 33, 'Vampyr bleu', 100, '{"Components": {"1":{"Drawable":41,"Texture":1}} }'),
    (4, 33, 'Frank pâle', 100, '{"Components": {"1":{"Drawable":42,"Texture":0}} }'),
    (4, 33, 'Frank gris', 100, '{"Components": {"1":{"Drawable":42,"Texture":1}} }'),
    (4, 38, 'Rage impuissante', 250, '{"Components": {"1":{"Drawable":43,"Texture":0}} }'),
    (4, 38, 'Princess Robot Bubblegum', 250, '{"Components": {"1":{"Drawable":44,"Texture":0}} }'),
    (4, 38, 'Moorehead', 250, '{"Components": {"1":{"Drawable":45,"Texture":0}} }'),
    (4, 37, 'Masque à gaz', 100, '{"Components": {"1":{"Drawable":46,"Texture":0}} }'),
    (4, 38, 'Sac en papier Up-n-atom', 250, '{"Components": {"1":{"Drawable":49,"Texture":0}} }'),
    (4, 38, 'Sac en papier maniaque', 250, '{"Components": {"1":{"Drawable":49,"Texture":1}} }'),
    (4, 38, 'Sac en papier triste', 250, '{"Components": {"1":{"Drawable":49,"Texture":2}} }'),
    (4, 38, 'Sac en papier heureux', 250, '{"Components": {"1":{"Drawable":49,"Texture":3}} }'),
    (4, 38, 'Sac en papier matou-vu', 250, '{"Components": {"1":{"Drawable":49,"Texture":4}} }'),
    (4, 38, 'Sac en papier bouche', 250, '{"Components": {"1":{"Drawable":49,"Texture":5}} }'),
    (4, 38, 'Sac en papier timide', 250, '{"Components": {"1":{"Drawable":49,"Texture":6}} }'),
    (4, 38, 'Sac en papier Burger Shot', 250, '{"Components": {"1":{"Drawable":49,"Texture":7}} }'),
    (4, 38, 'Sac en papier Tuez-moi', 250, '{"Components": {"1":{"Drawable":49,"Texture":8}} }'),
    (4, 38, 'Sac en papier diabolique', 250, '{"Components": {"1":{"Drawable":49,"Texture":9}} }'),
    (4, 38, 'Sac en papier flic', 250, '{"Components": {"1":{"Drawable":49,"Texture":10}} }'),
    (4, 38, 'Sac en papier monstre', 250, '{"Components": {"1":{"Drawable":49,"Texture":11}} }'),
    (4, 38, 'Sac en papier furie', 250, '{"Components": {"1":{"Drawable":49,"Texture":12}} }'),
    (4, 38, 'Sac en papier zigzag', 250, '{"Components": {"1":{"Drawable":49,"Texture":13}} }'),
    (4, 38, 'Sac en papier crâne', 250, '{"Components": {"1":{"Drawable":49,"Texture":14}} }'),
    (4, 38, 'Sac en papier chien', 250, '{"Components": {"1":{"Drawable":49,"Texture":15}} }'),
    (4, 38, 'Sac en papier rose', 250, '{"Components": {"1":{"Drawable":49,"Texture":16}} }'),
    (4, 38, 'Sac en papier alien', 250, '{"Components": {"1":{"Drawable":49,"Texture":17}} }'),
    (4, 38, 'Sac en papier à l\'aide', 250, '{"Components": {"1":{"Drawable":49,"Texture":18}} }'),
    (4, 38, 'Sac en papier labyrinthe', 250, '{"Components": {"1":{"Drawable":49,"Texture":19}} }'),
    (4, 38, 'Sac en papier doigt', 250, '{"Components": {"1":{"Drawable":49,"Texture":20}} }'),
    (4, 38, 'Sac en papier élégant', 250, '{"Components": {"1":{"Drawable":49,"Texture":21}} }'),
    (4, 38, 'Sac en papier autocollants', 250, '{"Components": {"1":{"Drawable":49,"Texture":22}} }'),
    (4, 38, 'Sac en papier moderniste', 250, '{"Components": {"1":{"Drawable":49,"Texture":23}} }'),
    (4, 38, 'Sac en papier amour', 250, '{"Components": {"1":{"Drawable":49,"Texture":24}} }'),
    (4, 38, 'Sac en papier regard noir', 250, '{"Components": {"1":{"Drawable":49,"Texture":25}} }'),
    (4, 37, 'Masque vert', 100, '{"Components": {"1":{"Drawable":50,"Texture":0}} }'),
    (4, 37, 'Masque Don', 100, '{"Components": {"1":{"Drawable":50,"Texture":1}} }'),
    (4, 37, 'Masque rose', 100, '{"Components": {"1":{"Drawable":50,"Texture":2}} }'),
    (4, 37, 'Masque de clown', 100, '{"Components": {"1":{"Drawable":50,"Texture":3}} }'),
    (4, 37, 'Masque noir', 100, '{"Components": {"1":{"Drawable":50,"Texture":4}} }'),
    (4, 37, 'Masque marron', 100, '{"Components": {"1":{"Drawable":50,"Texture":5}} }'),
    (4, 37, 'Masque de mannequin', 100, '{"Components": {"1":{"Drawable":50,"Texture":6}} }'),
    (4, 37, 'Masque de poupée', 100, '{"Components": {"1":{"Drawable":50,"Texture":7}} }'),
    (4, 37, 'Masque de pantin', 100, '{"Components": {"1":{"Drawable":50,"Texture":8}} }'),
    (4, 37, 'Masque de mime', 100, '{"Components": {"1":{"Drawable":50,"Texture":9}} }'),
    (4, 35, 'Bandana noir', 100, '{"Components": {"1":{"Drawable":51,"Texture":0}} }'),
    (4, 35, 'Bandana crâne', 100, '{"Components": {"1":{"Drawable":51,"Texture":1}} }'),
    (4, 35, 'Bandana urbain', 100, '{"Components": {"1":{"Drawable":51,"Texture":2}} }'),
    (4, 35, 'Bandana désert', 100, '{"Components": {"1":{"Drawable":51,"Texture":3}} }'),
    (4, 35, 'Bandana forêt', 100, '{"Components": {"1":{"Drawable":51,"Texture":4}} }'),
    (4, 35, 'Bandana vert', 100, '{"Components": {"1":{"Drawable":51,"Texture":5}} }'),
    (4, 35, 'Bandana violet', 100, '{"Components": {"1":{"Drawable":51,"Texture":6}} }'),
    (4, 35, 'Bandana cachemire', 100, '{"Components": {"1":{"Drawable":51,"Texture":7}} }'),
    (4, 35, 'Bandana jaune', 100, '{"Components": {"1":{"Drawable":51,"Texture":8}} }'),
    (4, 35, 'Bandana crâne électrique', 100, '{"Components": {"1":{"Drawable":51,"Texture":9}} }'),
    (4, 37, 'Cagoule à capuche noire', 100, '{"Components": {"1":{"Drawable":53,"Texture":0}} }'),
    (4, 37, 'Cagoule à capuche grise', 100, '{"Components": {"1":{"Drawable":53,"Texture":1}} }'),
    (4, 37, 'Cagoule à capuche blanche', 100, '{"Components": {"1":{"Drawable":53,"Texture":2}} }'),
    (4, 37, 'Cagoule à capuche verte', 100, '{"Components": {"1":{"Drawable":53,"Texture":3}} }'),
    (4, 37, 'Cagoule à capuche kaki', 100, '{"Components": {"1":{"Drawable":53,"Texture":4}} }'),
    (4, 37, 'Cagoule à capuche sombre', 100, '{"Components": {"1":{"Drawable":53,"Texture":5}} }'),
    (4, 37, 'Cagoule à capuche forêt', 100, '{"Components": {"1":{"Drawable":53,"Texture":6}} }'),
    (4, 37, 'Cagoule à capuche urbaine', 100, '{"Components": {"1":{"Drawable":53,"Texture":7}} }'),
    (4, 37, 'Cagoule à capuche crâne', 100, '{"Components": {"1":{"Drawable":53,"Texture":8}} }'),
    (4, 37, 'Masque t-shirt noir', 100, '{"Components": {"1":{"Drawable":54,"Texture":0}} }'),
    (4, 37, 'Masque t-shirt blanc', 100, '{"Components": {"1":{"Drawable":54,"Texture":1}} }'),
    (4, 37, 'Masque t-shirt beige', 100, '{"Components": {"1":{"Drawable":54,"Texture":2}} }'),
    (4, 37, 'Masque t-shirt Benders', 100, '{"Components": {"1":{"Drawable":54,"Texture":3}} }'),
    (4, 37, 'Masque t-shirt justice', 100, '{"Components": {"1":{"Drawable":54,"Texture":4}} }'),
    (4, 37, 'Masque t-shirt forêt', 100, '{"Components": {"1":{"Drawable":54,"Texture":5}} }'),
    (4, 37, 'Masque t-shirt rayé', 100, '{"Components": {"1":{"Drawable":54,"Texture":6}} }'),
    (4, 37, 'Masque t-shirt Love Fist', 100, '{"Components": {"1":{"Drawable":54,"Texture":7}} }'),
    (4, 37, 'Masque t-shirt T.P.I.', 100, '{"Components": {"1":{"Drawable":54,"Texture":8}} }'),
    (4, 37, 'Masque t-shirt rose', 100, '{"Components": {"1":{"Drawable":54,"Texture":9}} }'),
    (4, 37, 'Masque t-shirt Police LS', 100, '{"Components": {"1":{"Drawable":54,"Texture":10}} }'),
    (4, 36, 'Cagoule ample bleue', 150, '{"Components": {"1":{"Drawable":56,"Texture":0}} }'),
    (4, 36, 'Cagoule ample noire', 150, '{"Components": {"1":{"Drawable":56,"Texture":1}} }'),
    (4, 36, 'Cagoule ample crâne', 150, '{"Components": {"1":{"Drawable":56,"Texture":2}} }'),
    (4, 36, 'Cagoule ample kaki', 150, '{"Components": {"1":{"Drawable":56,"Texture":3}} }'),
    (4, 36, 'Cagoule ample sang', 150, '{"Components": {"1":{"Drawable":56,"Texture":4}} }'),
    (4, 36, 'Cagoule ample forêt', 150, '{"Components": {"1":{"Drawable":56,"Texture":5}} }'),
    (4, 36, 'Cagoule ample rouge', 150, '{"Components": {"1":{"Drawable":56,"Texture":6}} }'),
    (4, 36, 'Cagoule ample désert', 150, '{"Components": {"1":{"Drawable":56,"Texture":7}} }'),
    (4, 36, 'Cagoule ample bicolore', 150, '{"Components": {"1":{"Drawable":56,"Texture":8}} }'),
    (4, 36, 'Cagoule en laine noire', 150, '{"Components": {"1":{"Drawable":57,"Texture":0}} }'),
    (4, 36, 'Cagoule en laine vert foncé', 150, '{"Components": {"1":{"Drawable":57,"Texture":1}} }'),
    (4, 36, 'Cagoule en laine cuivre', 150, '{"Components": {"1":{"Drawable":57,"Texture":2}} }'),
    (4, 36, 'Cagoule en laine grise', 150, '{"Components": {"1":{"Drawable":57,"Texture":3}} }'),
    (4, 36, 'Cagoule en laine marron', 150, '{"Components": {"1":{"Drawable":57,"Texture":4}} }'),
    (4, 36, 'Cagoule en laine arc-en-ciel', 150, '{"Components": {"1":{"Drawable":57,"Texture":5}} }'),
    (4, 36, 'Cagoule en laine forêt', 150, '{"Components": {"1":{"Drawable":57,"Texture":6}} }'),
    (4, 36, 'Cagoule en laine sale', 150, '{"Components": {"1":{"Drawable":57,"Texture":7}} }'),
    (4, 36, 'Cagoule en laine rose', 150, '{"Components": {"1":{"Drawable":57,"Texture":8}} }'),
    (4, 36, 'Cagoule Flying Bravo FB', 150, '{"Components": {"1":{"Drawable":57,"Texture":9}} }'),
    (4, 36, 'Cagoule Flying Bravo', 150, '{"Components": {"1":{"Drawable":57,"Texture":10}} }'),
    (4, 36, 'Cagoule Princess', 150, '{"Components": {"1":{"Drawable":57,"Texture":11}} }'),
    (4, 36, 'Cagoule Didier Sachs', 150, '{"Components": {"1":{"Drawable":57,"Texture":12}} }'),
    (4, 36, 'Cagoule Perseus', 150, '{"Components": {"1":{"Drawable":57,"Texture":13}} }'),
    (4, 36, 'Cagoule Perseus logo', 150, '{"Components": {"1":{"Drawable":57,"Texture":14}} }'),
    (4, 36, 'Cagoule Sessanta Nove', 150, '{"Components": {"1":{"Drawable":57,"Texture":15}} }'),
    (4, 36, 'Cagoule en laine blanche', 150, '{"Components": {"1":{"Drawable":57,"Texture":16}} }'),
    (4, 36, 'Cagoule en laine bleue', 150, '{"Components": {"1":{"Drawable":57,"Texture":17}} }'),
    (4, 36, 'Cagoule en laine rouge', 150, '{"Components": {"1":{"Drawable":57,"Texture":18}} }'),
    (4, 36, 'Cagoule en laine verte', 150, '{"Components": {"1":{"Drawable":57,"Texture":19}} }'),
    (4, 36, 'Cagoule en laine orange', 150, '{"Components": {"1":{"Drawable":57,"Texture":20}} }'),
    (4, 36, 'Cagoule en laine mauve', 150, '{"Components": {"1":{"Drawable":57,"Texture":21}} }'),
    (4, 36, 'Cagoule en laine bandit', 150, '{"Components": {"1":{"Drawable":58,"Texture":0}} }'),
    (4, 36, 'Cagoule en laine nature', 150, '{"Components": {"1":{"Drawable":58,"Texture":1}} }'),
    (4, 36, 'Cagoule camo. fluo', 150, '{"Components": {"1":{"Drawable":58,"Texture":2}} }'),
    (4, 36, 'Cagoule camo. rose', 150, '{"Components": {"1":{"Drawable":58,"Texture":3}} }'),
    (4, 36, 'Cagoule camo. orange', 150, '{"Components": {"1":{"Drawable":58,"Texture":4}} }'),
    (4, 36, 'Cagoule Impotent Rage', 150, '{"Components": {"1":{"Drawable":58,"Texture":5}} }'),
    (4, 36, 'Cagoule Pogo', 150, '{"Components": {"1":{"Drawable":58,"Texture":6}} }'),
    (4, 36, 'Cagoule bleue à rayures', 150, '{"Components": {"1":{"Drawable":58,"Texture":7}} }'),
    (4, 36, 'Cagoule noire à rayures', 150, '{"Components": {"1":{"Drawable":58,"Texture":8}} }'),
    (4, 36, 'Cagoule rose à rayures', 150, '{"Components": {"1":{"Drawable":58,"Texture":9}} }'),
    (4, 36, '59-0', 200, '{"Components": {"1":{"Drawable":59,"Texture":0}} }'),
    (4, 33, 'Citrouille maléfique', 100, '{"Components": {"1":{"Drawable":60,"Texture":0}} }'),
    (4, 33, 'Citrouille pourrie', 100, '{"Components": {"1":{"Drawable":60,"Texture":1}} }'),
    (4, 33, 'Pastèque méchante', 100, '{"Components": {"1":{"Drawable":60,"Texture":2}} }'),
    (4, 33, 'Majordome flippant', 100, '{"Components": {"1":{"Drawable":61,"Texture":0}} }'),
    (4, 33, 'Majordome mort', 100, '{"Components": {"1":{"Drawable":61,"Texture":1}} }'),
    (4, 33, 'Majordome pourri', 100, '{"Components": {"1":{"Drawable":61,"Texture":2}} }'),
    (4, 33, 'Psycho échaudé blanc', 100, '{"Components": {"1":{"Drawable":62,"Texture":0}} }'),
    (4, 33, 'Psycho échaudé ensanglanté', 100, '{"Components": {"1":{"Drawable":62,"Texture":1}} }'),
    (4, 33, 'Psycho échaudé noir', 100, '{"Components": {"1":{"Drawable":62,"Texture":2}} }'),
    (4, 33, 'Démon écorché rouge', 100, '{"Components": {"1":{"Drawable":63,"Texture":0}} }'),
    (4, 33, 'Démon écorché vert', 100, '{"Components": {"1":{"Drawable":63,"Texture":1}} }'),
    (4, 33, 'Démon écorché gris', 100, '{"Components": {"1":{"Drawable":63,"Texture":2}} }'),
    (4, 33, 'Crâne éclaté blanc', 100, '{"Components": {"1":{"Drawable":64,"Texture":0}} }'),
    (4, 33, 'Crâne éclaté rouge', 100, '{"Components": {"1":{"Drawable":64,"Texture":1}} }'),
    (4, 33, 'Crâne éclaté crème', 100, '{"Components": {"1":{"Drawable":64,"Texture":2}} }'),
    (4, 33, 'Lycanthrope pâle', 100, '{"Components": {"1":{"Drawable":65,"Texture":0}} }'),
    (4, 33, 'Lycanthrope sombre', 100, '{"Components": {"1":{"Drawable":65,"Texture":1}} }'),
    (4, 33, 'Lycanthrope gris', 100, '{"Components": {"1":{"Drawable":65,"Texture":2}} }'),
    (4, 33, 'Insecte toxique vert', 100, '{"Components": {"1":{"Drawable":66,"Texture":0}} }'),
    (4, 33, 'Insecte toxique rouge', 100, '{"Components": {"1":{"Drawable":66,"Texture":1}} }'),
    (4, 33, 'Insecte toxique violet', 100, '{"Components": {"1":{"Drawable":66,"Texture":2}} }'),
    (4, 33, 'Créature d\'égouts galeux', 100, '{"Components": {"1":{"Drawable":67,"Texture":0}} }'),
    (4, 33, 'Créature d\'égouts pourri', 100, '{"Components": {"1":{"Drawable":67,"Texture":1}} }'),
    (4, 33, 'Créature d\'égouts sale', 100, '{"Components": {"1":{"Drawable":67,"Texture":2}} }'),
    (4, 33, 'Lucifer classique rouge', 100, '{"Components": {"1":{"Drawable":68,"Texture":0}} }'),
    (4, 33, 'Lucifer classique orange', 100, '{"Components": {"1":{"Drawable":68,"Texture":1}} }'),
    (4, 33, 'Lucifer classique noir', 100, '{"Components": {"1":{"Drawable":68,"Texture":2}} }'),
    (4, 33, 'Tueur au sac noir', 100, '{"Components": {"1":{"Drawable":69,"Texture":0}} }'),
    (4, 33, 'Tueur au sac ensanglanté', 100, '{"Components": {"1":{"Drawable":69,"Texture":1}} }'),
    (4, 33, 'Tueur au sac classique', 100, '{"Components": {"1":{"Drawable":69,"Texture":2}} }'),
    (4, 33, 'Alien hypnotique bleu', 100, '{"Components": {"1":{"Drawable":70,"Texture":0}} }'),
    (4, 33, 'Alien hypnotique vert', 100, '{"Components": {"1":{"Drawable":70,"Texture":1}} }'),
    (4, 33, 'Alien hypnotique rouge', 100, '{"Components": {"1":{"Drawable":70,"Texture":2}} }'),
    (4, 33, 'Sorcière verte', 100, '{"Components": {"1":{"Drawable":71,"Texture":0}} }'),
    (4, 33, 'Sorcière grise', 100, '{"Components": {"1":{"Drawable":71,"Texture":1}} }'),
    (4, 33, 'Sorcière blanche', 100, '{"Components": {"1":{"Drawable":71,"Texture":2}} }'),
    (4, 33, 'Lucifer rouge', 100, '{"Components": {"1":{"Drawable":72,"Texture":0}} }'),
    (4, 33, 'Lucifer orange', 100, '{"Components": {"1":{"Drawable":72,"Texture":1}} }'),
    (4, 33, 'Lucifer noir', 100, '{"Components": {"1":{"Drawable":72,"Texture":2}} }'),
    (4, 38, 'Pain d\'épice énervé', 250, '{"Components": {"1":{"Drawable":74,"Texture":0}} }'),
    (4, 38, 'Pain d\'épice fou', 250, '{"Components": {"1":{"Drawable":74,"Texture":1}} }'),
    (4, 38, 'Pain d\'épice maniaque', 250, '{"Components": {"1":{"Drawable":74,"Texture":2}} }'),
    (4, 38, 'Pain d\'épice fou marron', 250, '{"Components": {"1":{"Drawable":75,"Texture":0}} }'),
    (4, 38, 'Pain d\'épice fou bleu', 250, '{"Components": {"1":{"Drawable":75,"Texture":1}} }'),
    (4, 38, 'Pain d\'épice fou rose', 250, '{"Components": {"1":{"Drawable":75,"Texture":2}} }'),
    (4, 38, 'Vilain Père Noël meurtri', 250, '{"Components": {"1":{"Drawable":76,"Texture":0}} }'),
    (4, 38, 'Vilain Père Noël grincheux', 250, '{"Components": {"1":{"Drawable":76,"Texture":1}} }'),
    (4, 38, 'Vilain Père Noël sale', 250, '{"Components": {"1":{"Drawable":76,"Texture":2}} }'),
    (4, 38, 'Pudding foncé', 250, '{"Components": {"1":{"Drawable":78,"Texture":0}} }'),
    (4, 38, 'Pudding clair', 250, '{"Components": {"1":{"Drawable":78,"Texture":1}} }'),
    (4, 36, '79-0', 200, '{"Components": {"1":{"Drawable":79,"Texture":0}} }'),
    (4, 36, '79-1', 200, '{"Components": {"1":{"Drawable":79,"Texture":1}} }'),
    (4, 36, '79-2', 200, '{"Components": {"1":{"Drawable":79,"Texture":2}} }'),
    (4, 36, '80-0', 200, '{"Components": {"1":{"Drawable":80,"Texture":0}} }'),
    (4, 36, '80-1', 200, '{"Components": {"1":{"Drawable":80,"Texture":1}} }'),
    (4, 36, '80-2', 200, '{"Components": {"1":{"Drawable":80,"Texture":2}} }'),
    (4, 36, '81-0', 200, '{"Components": {"1":{"Drawable":81,"Texture":0}} }'),
    (4, 36, '81-1', 200, '{"Components": {"1":{"Drawable":81,"Texture":1}} }'),
    (4, 36, '81-2', 200, '{"Components": {"1":{"Drawable":81,"Texture":2}} }'),
    (4, 36, '82-0', 200, '{"Components": {"1":{"Drawable":82,"Texture":0}} }'),
    (4, 36, '82-1', 200, '{"Components": {"1":{"Drawable":82,"Texture":1}} }'),
    (4, 36, '82-2', 200, '{"Components": {"1":{"Drawable":82,"Texture":2}} }'),
    (4, 36, '83-0', 200, '{"Components": {"1":{"Drawable":83,"Texture":0}} }'),
    (4, 36, '83-1', 200, '{"Components": {"1":{"Drawable":83,"Texture":1}} }'),
    (4, 36, '83-2', 200, '{"Components": {"1":{"Drawable":83,"Texture":2}} }'),
    (4, 36, 'Yéti', 200, '{"Components": {"1":{"Drawable":84,"Texture":0}} }'),
    (4, 38, 'Poulet cru', 250, '{"Components": {"1":{"Drawable":85,"Texture":0}} }'),
    (4, 38, 'Poulet cuit', 250, '{"Components": {"1":{"Drawable":85,"Texture":1}} }'),
    (4, 38, 'Poulet cramé', 250, '{"Components": {"1":{"Drawable":85,"Texture":2}} }'),
    (4, 38, 'Mère Noël bourrée', 250, '{"Components": {"1":{"Drawable":86,"Texture":0}} }'),
    (4, 38, 'Mère Noël défoncée', 250, '{"Components": {"1":{"Drawable":86,"Texture":1}} }'),
    (4, 38, 'Mère Noël bourrée', 250, '{"Components": {"1":{"Drawable":86,"Texture":2}} }'),
    (4, 38, 'Elfe rebelle', 250, '{"Components": {"1":{"Drawable":87,"Texture":0}} }'),
    (4, 38, 'Elfe gangsta', 250, '{"Components": {"1":{"Drawable":87,"Texture":1}} }'),
    (4, 38, 'Elfe badass', 250, '{"Components": {"1":{"Drawable":87,"Texture":2}} }'),
    (4, 38, 'Mère Noël blanche', 250, '{"Components": {"1":{"Drawable":88,"Texture":0}} }'),
    (4, 38, 'Mère Noël noire', 250, '{"Components": {"1":{"Drawable":88,"Texture":1}} }'),
    (4, 38, 'Mère Noël latina', 250, '{"Components": {"1":{"Drawable":88,"Texture":2}} }'),
    (4, 37, 'Combat, noir', 100, '{"Components": {"1":{"Drawable":89,"Texture":0}} }'),
    (4, 37, 'Combat, gris', 100, '{"Components": {"1":{"Drawable":89,"Texture":1}} }'),
    (4, 37, 'Combat, anthracite', 100, '{"Components": {"1":{"Drawable":89,"Texture":2}} }'),
    (4, 37, 'Combat, brun clair ', 100, '{"Components": {"1":{"Drawable":89,"Texture":3}} }'),
    (4, 37, 'Combat, forêt', 100, '{"Components": {"1":{"Drawable":89,"Texture":4}} }'),
    (4, 35, 'Filtre à dôme ocre', 100, '{"Components": {"1":{"Drawable":90,"Texture":0}} }'),
    (4, 35, 'Filtre à dôme chocolat', 100, '{"Components": {"1":{"Drawable":90,"Texture":1}} }'),
    (4, 35, 'Filtre à dôme noir', 100, '{"Components": {"1":{"Drawable":90,"Texture":2}} }'),
    (4, 35, 'Filtre à dôme sable', 100, '{"Components": {"1":{"Drawable":90,"Texture":3}} }'),
    (4, 35, 'Masque ventilé ocre rouge', 100, '{"Components": {"1":{"Drawable":90,"Texture":4}} }'),
    (4, 35, 'Masque ventilé chocolat', 100, '{"Components": {"1":{"Drawable":90,"Texture":5}} }'),
    (4, 35, 'Masque ventilé noir', 100, '{"Components": {"1":{"Drawable":90,"Texture":6}} }'),
    (4, 35, 'Masque ventilé sable', 100, '{"Components": {"1":{"Drawable":90,"Texture":7}} }'),
    (4, 33, 'Monstre marin amphibien', 100, '{"Components": {"1":{"Drawable":92,"Texture":0}} }'),
    (4, 33, 'Monstre marin alien', 100, '{"Components": {"1":{"Drawable":92,"Texture":1}} }'),
    (4, 33, 'Monstre marin reptilien', 100, '{"Components": {"1":{"Drawable":92,"Texture":2}} }'),
    (4, 33, 'Monstre marin mystique', 100, '{"Components": {"1":{"Drawable":92,"Texture":3}} }'),
    (4, 33, 'Monstre marin divin', 100, '{"Components": {"1":{"Drawable":92,"Texture":4}} }'),
    (4, 33, 'Monstre marin démoniaque', 100, '{"Components": {"1":{"Drawable":92,"Texture":5}} }'),
    (4, 33, 'Dinosaure à rayures', 100, '{"Components": {"1":{"Drawable":93,"Texture":0}} }'),
    (4, 33, 'Dinosaure gris', 100, '{"Components": {"1":{"Drawable":93,"Texture":1}} }'),
    (4, 33, 'Dinosaure tropical', 100, '{"Components": {"1":{"Drawable":93,"Texture":2}} }'),
    (4, 33, 'Dinosaure désert', 100, '{"Components": {"1":{"Drawable":93,"Texture":3}} }'),
    (4, 33, 'Dinosaure forêt', 100, '{"Components": {"1":{"Drawable":93,"Texture":4}} }'),
    (4, 33, 'Dinosaure dangereux', 100, '{"Components": {"1":{"Drawable":93,"Texture":5}} }'),
    (4, 33, 'Oni rouge', 100, '{"Components": {"1":{"Drawable":94,"Texture":0}} }'),
    (4, 33, 'Oni bleu', 100, '{"Components": {"1":{"Drawable":94,"Texture":1}} }'),
    (4, 33, 'Oni blanc', 100, '{"Components": {"1":{"Drawable":94,"Texture":2}} }'),
    (4, 33, 'Oni noir', 100, '{"Components": {"1":{"Drawable":94,"Texture":3}} }'),
    (4, 33, 'Oni or', 100, '{"Components": {"1":{"Drawable":94,"Texture":4}} }'),
    (4, 33, 'Oni vert', 100, '{"Components": {"1":{"Drawable":94,"Texture":5}} }'),
    (4, 33, 'Clown rouge', 100, '{"Components": {"1":{"Drawable":95,"Texture":0}} }'),
    (4, 33, 'Clown bleu', 100, '{"Components": {"1":{"Drawable":95,"Texture":1}} }'),
    (4, 33, 'Clown vert', 100, '{"Components": {"1":{"Drawable":95,"Texture":2}} }'),
    (4, 33, 'Clown orange', 100, '{"Components": {"1":{"Drawable":95,"Texture":3}} }'),
    (4, 33, 'Clown charognard', 100, '{"Components": {"1":{"Drawable":95,"Texture":4}} }'),
    (4, 33, 'Clown néon', 100, '{"Components": {"1":{"Drawable":95,"Texture":5}} }'),
    (4, 33, 'Clown monstrueux', 100, '{"Components": {"1":{"Drawable":95,"Texture":6}} }'),
    (4, 33, 'Clown sinistre', 100, '{"Components": {"1":{"Drawable":95,"Texture":7}} }'),
    (4, 33, 'Gorille enragé', 100, '{"Components": {"1":{"Drawable":96,"Texture":0}} }'),
    (4, 33, 'Orang-outan enragé', 100, '{"Components": {"1":{"Drawable":96,"Texture":1}} }'),
    (4, 33, 'Vieux singe enragé', 100, '{"Components": {"1":{"Drawable":96,"Texture":2}} }'),
    (4, 33, 'Singe albinos enragé', 100, '{"Components": {"1":{"Drawable":96,"Texture":3}} }'),
    (4, 36, 'Cheval alezan', 200, '{"Components": {"1":{"Drawable":97,"Texture":0}} }'),
    (4, 36, 'Cheval noir', 200, '{"Components": {"1":{"Drawable":97,"Texture":1}} }'),
    (4, 36, 'Cheval gris', 200, '{"Components": {"1":{"Drawable":97,"Texture":2}} }'),
    (4, 36, 'Cheval marron', 200, '{"Components": {"1":{"Drawable":97,"Texture":3}} }'),
    (4, 36, 'Cheval pie', 200, '{"Components": {"1":{"Drawable":97,"Texture":4}} }'),
    (4, 36, 'Zèbre', 200, '{"Components": {"1":{"Drawable":97,"Texture":5}} }'),
    (4, 36, 'Licorne', 200, '{"Components": {"1":{"Drawable":98,"Texture":0}} }'),
    (4, 34, 'Crâne orné rouge', 250, '{"Components": {"1":{"Drawable":99,"Texture":0}} }'),
    (4, 34, 'Crâne orné argent', 250, '{"Components": {"1":{"Drawable":99,"Texture":1}} }'),
    (4, 34, 'Crâne orné bleu', 250, '{"Components": {"1":{"Drawable":99,"Texture":2}} }'),
    (4, 34, 'Crâne orné bleu-vert', 250, '{"Components": {"1":{"Drawable":99,"Texture":3}} }'),
    (4, 34, 'Crâne orné blanc', 250, '{"Components": {"1":{"Drawable":99,"Texture":4}} }'),
    (4, 34, 'Crâne orné noir', 250, '{"Components": {"1":{"Drawable":99,"Texture":5}} }'),
    (4, 36, 'Carlin Moe', 200, '{"Components": {"1":{"Drawable":100,"Texture":0}} }'),
    (4, 36, 'Carlin noir', 200, '{"Components": {"1":{"Drawable":100,"Texture":1}} }'),
    (4, 36, 'Carlin gris', 200, '{"Components": {"1":{"Drawable":100,"Texture":2}} }'),
    (4, 36, 'Carlin marron', 200, '{"Components": {"1":{"Drawable":100,"Texture":3}} }'),
    (4, 36, 'Carlin Joséphine', 200, '{"Components": {"1":{"Drawable":100,"Texture":4}} }'),
    (4, 36, 'Carlin noir et brun clair', 200, '{"Components": {"1":{"Drawable":100,"Texture":5}} }'),
    (4, 35, 'Masque Bigness orange', 100, '{"Components": {"1":{"Drawable":101,"Texture":0}} }'),
    (4, 35, 'Masque Bigness bleu', 100, '{"Components": {"1":{"Drawable":101,"Texture":1}} }'),
    (4, 35, 'Masque Bigness magenta', 100, '{"Components": {"1":{"Drawable":101,"Texture":2}} }'),
    (4, 35, 'Masque Bigness jaune', 100, '{"Components": {"1":{"Drawable":101,"Texture":3}} }'),
    (4, 35, 'Masque Bigness automne', 100, '{"Components": {"1":{"Drawable":101,"Texture":4}} }'),
    (4, 35, 'Masque Bigness gris', 100, '{"Components": {"1":{"Drawable":101,"Texture":5}} }'),
    (4, 35, 'Masque Bigness camouflage', 100, '{"Components": {"1":{"Drawable":101,"Texture":6}} }'),
    (4, 35, 'Masque Bigness camo. gris', 100, '{"Components": {"1":{"Drawable":101,"Texture":7}} }'),
    (4, 35, 'Masque Bigness camo. géo.', 100, '{"Components": {"1":{"Drawable":101,"Texture":8}} }'),
    (4, 35, 'Masque Bigness noir', 100, '{"Components": {"1":{"Drawable":101,"Texture":9}} }'),
    (4, 35, 'Masque Bigness zèbre', 100, '{"Components": {"1":{"Drawable":101,"Texture":10}} }'),
    (4, 35, 'Masque Bigness abstrait vif', 100, '{"Components": {"1":{"Drawable":101,"Texture":11}} }'),
    (4, 35, 'Masque Bigness abstrait pâle', 100, '{"Components": {"1":{"Drawable":101,"Texture":12}} }'),
    (4, 35, 'Masque Bigness abstrait gris', 100, '{"Components": {"1":{"Drawable":101,"Texture":13}} }'),
    (4, 35, 'Masque Bigness léopard gris', 100, '{"Components": {"1":{"Drawable":101,"Texture":14}} }'),
    (4, 35, 'Masque Bigness camo. bleu', 100, '{"Components": {"1":{"Drawable":101,"Texture":15}} }'),
    (4, 33, 'Zombie bleu pixels', 100, '{"Components": {"1":{"Drawable":103,"Texture":0}} }'),
    (4, 33, 'Zombie marron pixels', 100, '{"Components": {"1":{"Drawable":103,"Texture":1}} }'),
    (4, 33, 'Zombie vert pixels', 100, '{"Components": {"1":{"Drawable":103,"Texture":2}} }'),
    (4, 33, 'Zombie gris pixels', 100, '{"Components": {"1":{"Drawable":103,"Texture":3}} }'),
    (4, 33, 'Zombie pêche pixels', 100, '{"Components": {"1":{"Drawable":103,"Texture":4}} }'),
    (4, 33, 'Zombie beige', 100, '{"Components": {"1":{"Drawable":103,"Texture":5}} }'),
    (4, 33, 'Zombie sombre forêt', 100, '{"Components": {"1":{"Drawable":103,"Texture":6}} }'),
    (4, 33, 'Zombie quadrillé', 100, '{"Components": {"1":{"Drawable":103,"Texture":7}} }'),
    (4, 33, 'Zombie vert mousse pixels', 100, '{"Components": {"1":{"Drawable":103,"Texture":8}} }'),
    (4, 33, 'Zombie gris forêt', 100, '{"Components": {"1":{"Drawable":103,"Texture":9}} }'),
    (4, 33, 'Zombie camouflage turquoise', 100, '{"Components": {"1":{"Drawable":103,"Texture":10}} }'),
    (4, 33, 'Zombie éclats', 100, '{"Components": {"1":{"Drawable":103,"Texture":11}} }'),
    (4, 33, 'Zombie camouflage contraste', 100, '{"Components": {"1":{"Drawable":103,"Texture":12}} }'),
    (4, 33, 'Zombie pavés', 100, '{"Components": {"1":{"Drawable":103,"Texture":13}} }'),
    (4, 33, 'Zombie pêche forêt', 100, '{"Components": {"1":{"Drawable":103,"Texture":14}} }'),
    (4, 33, 'Zombie pinceau', 100, '{"Components": {"1":{"Drawable":103,"Texture":15}} }'),
    (4, 33, 'Zombie camouflage', 100, '{"Components": {"1":{"Drawable":103,"Texture":16}} }'),
    (4, 33, 'Zombie clair forêt', 100, '{"Components": {"1":{"Drawable":103,"Texture":17}} }'),
    (4, 33, 'Zombie vert mousse', 100, '{"Components": {"1":{"Drawable":103,"Texture":18}} }'),
    (4, 33, 'Zombie sable', 100, '{"Components": {"1":{"Drawable":103,"Texture":19}} }'),
    (4, 33, 'Zombie putréfié noir', 100, '{"Components": {"1":{"Drawable":103,"Texture":20}} }'),
    (4, 33, 'Zombie putréfié ardoise', 100, '{"Components": {"1":{"Drawable":103,"Texture":21}} }'),
    (4, 33, 'Zombie putréfié grège', 100, '{"Components": {"1":{"Drawable":103,"Texture":22}} }'),
    (4, 33, 'Zombie putréfié vert', 100, '{"Components": {"1":{"Drawable":103,"Texture":23}} }'),
    (4, 33, 'Zombie putréfié forêt', 100, '{"Components": {"1":{"Drawable":103,"Texture":24}} }'),
    (4, 33, 'Zombie putr. mousse camo.', 100, '{"Components": {"1":{"Drawable":103,"Texture":25}} }'),
    (4, 37, 'Tactique bleu pixels', 100, '{"Components": {"1":{"Drawable":104,"Texture":0}} }'),
    (4, 37, 'Tactique marron pixels', 100, '{"Components": {"1":{"Drawable":104,"Texture":1}} }'),
    (4, 37, 'Tactique vert pixels', 100, '{"Components": {"1":{"Drawable":104,"Texture":2}} }'),
    (4, 37, 'Tactique gris pixels', 100, '{"Components": {"1":{"Drawable":104,"Texture":3}} }'),
    (4, 37, 'Tactique pêche pixels', 100, '{"Components": {"1":{"Drawable":104,"Texture":4}} }'),
    (4, 37, 'Tactique beige', 100, '{"Components": {"1":{"Drawable":104,"Texture":5}} }'),
    (4, 37, 'Tactique sombre forêt', 100, '{"Components": {"1":{"Drawable":104,"Texture":6}} }'),
    (4, 37, 'Tactique quadrillé', 100, '{"Components": {"1":{"Drawable":104,"Texture":7}} }'),
    (4, 37, 'Tactique mousse pixels', 100, '{"Components": {"1":{"Drawable":104,"Texture":8}} }'),
    (4, 37, 'Tactique gris forêt', 100, '{"Components": {"1":{"Drawable":104,"Texture":9}} }'),
    (4, 37, 'Tactique camo. turquoise', 100, '{"Components": {"1":{"Drawable":104,"Texture":10}} }'),
    (4, 37, 'Tactique éclats', 100, '{"Components": {"1":{"Drawable":104,"Texture":11}} }'),
    (4, 37, 'Tactique camo. contraste', 100, '{"Components": {"1":{"Drawable":104,"Texture":12}} }'),
    (4, 37, 'Tactique pavés', 100, '{"Components": {"1":{"Drawable":104,"Texture":13}} }'),
    (4, 37, 'Tactique pêche forêt', 100, '{"Components": {"1":{"Drawable":104,"Texture":14}} }'),
    (4, 37, 'Tactique pinceau', 100, '{"Components": {"1":{"Drawable":104,"Texture":15}} }'),
    (4, 37, 'Tactique camouflage', 100, '{"Components": {"1":{"Drawable":104,"Texture":16}} }'),
    (4, 37, 'Tactique clair forêt', 100, '{"Components": {"1":{"Drawable":104,"Texture":17}} }'),
    (4, 37, 'Tactique mousse', 100, '{"Components": {"1":{"Drawable":104,"Texture":18}} }'),
    (4, 37, 'Tactique sable', 100, '{"Components": {"1":{"Drawable":104,"Texture":19}} }'),
    (4, 37, 'Tactique camo. vert', 100, '{"Components": {"1":{"Drawable":104,"Texture":20}} }'),
    (4, 37, 'Tactique camo. marron', 100, '{"Components": {"1":{"Drawable":104,"Texture":21}} }'),
    (4, 37, 'Tactique camo. mauve', 100, '{"Components": {"1":{"Drawable":104,"Texture":22}} }'),
    (4, 37, 'Tactique camo. rose', 100, '{"Components": {"1":{"Drawable":104,"Texture":23}} }'),
    (4, 37, 'Tactique olive', 100, '{"Components": {"1":{"Drawable":104,"Texture":24}} }'),
    (4, 37, 'Tactique crâne', 100, '{"Components": {"1":{"Drawable":104,"Texture":25}} }'),
    (4, 37, 'Oni obsidienne', 100, '{"Components": {"1":{"Drawable":105,"Texture":0}} }'),
    (4, 37, 'Oni buriné', 100, '{"Components": {"1":{"Drawable":105,"Texture":1}} }'),
    (4, 37, 'Oni en grès', 100, '{"Components": {"1":{"Drawable":105,"Texture":2}} }'),
    (4, 37, 'Oni peinture blanche', 100, '{"Components": {"1":{"Drawable":105,"Texture":3}} }'),
    (4, 37, 'Oni peinture or', 100, '{"Components": {"1":{"Drawable":105,"Texture":4}} }'),
    (4, 37, 'Oni peinture rouge', 100, '{"Components": {"1":{"Drawable":105,"Texture":5}} }'),
    (4, 37, 'Oni peinture noire', 100, '{"Components": {"1":{"Drawable":105,"Texture":6}} }'),
    (4, 37, 'Oni noir possédé', 100, '{"Components": {"1":{"Drawable":105,"Texture":7}} }'),
    (4, 37, 'Oni marron', 100, '{"Components": {"1":{"Drawable":105,"Texture":8}} }'),
    (4, 37, 'Oni jaune', 100, '{"Components": {"1":{"Drawable":105,"Texture":9}} }'),
    (4, 37, 'Oni prune', 100, '{"Components": {"1":{"Drawable":105,"Texture":10}} }'),
    (4, 37, 'Oni gris dégradé', 100, '{"Components": {"1":{"Drawable":105,"Texture":11}} }'),
    (4, 37, 'Oni jaune et noir', 100, '{"Components": {"1":{"Drawable":105,"Texture":12}} }'),
    (4, 37, 'Oni orange', 100, '{"Components": {"1":{"Drawable":105,"Texture":13}} }'),
    (4, 37, 'Oni possédé en pierre dorée', 100, '{"Components": {"1":{"Drawable":105,"Texture":14}} }'),
    (4, 37, 'Oni possédé en pierre', 100, '{"Components": {"1":{"Drawable":105,"Texture":15}} }'),
    (4, 37, 'Oni gris', 100, '{"Components": {"1":{"Drawable":105,"Texture":16}} }'),
    (4, 37, 'Oni noir et or', 100, '{"Components": {"1":{"Drawable":105,"Texture":17}} }'),
    (4, 37, 'Oni gris et orange', 100, '{"Components": {"1":{"Drawable":105,"Texture":18}} }'),
    (4, 37, 'Oni possédé blanc', 100, '{"Components": {"1":{"Drawable":105,"Texture":19}} }'),
    (4, 37, 'Oni gris et or', 100, '{"Components": {"1":{"Drawable":105,"Texture":20}} }'),
    (4, 37, 'Oni grège', 100, '{"Components": {"1":{"Drawable":105,"Texture":21}} }'),
    (4, 37, 'Oni vert eau', 100, '{"Components": {"1":{"Drawable":105,"Texture":22}} }'),
    (4, 37, 'Oni mauve', 100, '{"Components": {"1":{"Drawable":105,"Texture":23}} }'),
    (4, 37, 'Crâne serpent bleu pixels', 100, '{"Components": {"1":{"Drawable":106,"Texture":0}} }'),
    (4, 37, 'Crâne serpent marron pixels', 100, '{"Components": {"1":{"Drawable":106,"Texture":1}} }'),
    (4, 37, 'Crâne serpent vert pixels', 100, '{"Components": {"1":{"Drawable":106,"Texture":2}} }'),
    (4, 37, 'Crâne serpent gris pixels', 100, '{"Components": {"1":{"Drawable":106,"Texture":3}} }'),
    (4, 37, 'Crâne serpent pêche pixels', 100, '{"Components": {"1":{"Drawable":106,"Texture":4}} }'),
    (4, 37, 'Crâne serpent beige', 100, '{"Components": {"1":{"Drawable":106,"Texture":5}} }'),
    (4, 37, 'Crâne serpent sombre forêt', 100, '{"Components": {"1":{"Drawable":106,"Texture":6}} }'),
    (4, 37, 'Crâne serpent quadrillé', 100, '{"Components": {"1":{"Drawable":106,"Texture":7}} }'),
    (4, 37, 'Crâne serpent mousse pixels', 100, '{"Components": {"1":{"Drawable":106,"Texture":8}} }'),
    (4, 37, 'Crâne serpent gris forêt', 100, '{"Components": {"1":{"Drawable":106,"Texture":9}} }'),
    (4, 37, 'Crâne serpent camo. turquoise', 100, '{"Components": {"1":{"Drawable":106,"Texture":10}} }'),
    (4, 37, 'Crâne serpent éclats', 100, '{"Components": {"1":{"Drawable":106,"Texture":11}} }'),
    (4, 37, 'Crâne serpent camo. contraste', 100, '{"Components": {"1":{"Drawable":106,"Texture":12}} }'),
    (4, 37, 'Crâne serpent pavés', 100, '{"Components": {"1":{"Drawable":106,"Texture":13}} }'),
    (4, 37, 'Crâne serpent pêche forêt', 100, '{"Components": {"1":{"Drawable":106,"Texture":14}} }'),
    (4, 37, 'Crâne serpent pinceau', 100, '{"Components": {"1":{"Drawable":106,"Texture":15}} }'),
    (4, 37, 'Crâne serpent camouflage', 100, '{"Components": {"1":{"Drawable":106,"Texture":16}} }'),
    (4, 37, 'Crâne serpent clair forêt', 100, '{"Components": {"1":{"Drawable":106,"Texture":17}} }'),
    (4, 37, 'Crâne serpent vert mousse', 100, '{"Components": {"1":{"Drawable":106,"Texture":18}} }'),
    (4, 37, 'Crâne serpent sable', 100, '{"Components": {"1":{"Drawable":106,"Texture":19}} }'),
    (4, 37, 'Crâne serpent camo. vert', 100, '{"Components": {"1":{"Drawable":106,"Texture":20}} }'),
    (4, 37, 'Crâne serpent camo. marron', 100, '{"Components": {"1":{"Drawable":106,"Texture":21}} }'),
    (4, 37, 'Crâne serpent camo. mauve', 100, '{"Components": {"1":{"Drawable":106,"Texture":22}} }'),
    (4, 37, 'Crâne serpent camo. rose', 100, '{"Components": {"1":{"Drawable":106,"Texture":23}} }'),
    (4, 37, 'Crâne serpent rouge', 100, '{"Components": {"1":{"Drawable":106,"Texture":24}} }'),
    (4, 37, 'Crâne serpent blanc', 100, '{"Components": {"1":{"Drawable":106,"Texture":25}} }'),
    (4, 35, 'Masque vent. bleu pixels', 100, '{"Components": {"1":{"Drawable":107,"Texture":0}} }'),
    (4, 35, 'Masque vent. marron pixels', 100, '{"Components": {"1":{"Drawable":107,"Texture":1}} }'),
    (4, 35, 'Masque vent. vert pixels', 100, '{"Components": {"1":{"Drawable":107,"Texture":2}} }'),
    (4, 35, 'Masque vent. gris pixels', 100, '{"Components": {"1":{"Drawable":107,"Texture":3}} }'),
    (4, 35, 'Masque vent. pêche pixels', 100, '{"Components": {"1":{"Drawable":107,"Texture":4}} }'),
    (4, 35, 'Masque vent. beige', 100, '{"Components": {"1":{"Drawable":107,"Texture":5}} }'),
    (4, 35, 'Masque vent. sombre forêt', 100, '{"Components": {"1":{"Drawable":107,"Texture":6}} }'),
    (4, 35, 'Masque vent. quadrillé', 100, '{"Components": {"1":{"Drawable":107,"Texture":7}} }'),
    (4, 35, 'Masque vent. vert mousse pixels', 100, '{"Components": {"1":{"Drawable":107,"Texture":8}} }'),
    (4, 35, 'Masque vent. gris forêt', 100, '{"Components": {"1":{"Drawable":107,"Texture":9}} }'),
    (4, 35, 'Masque vent. camouflage turquoise', 100, '{"Components": {"1":{"Drawable":107,"Texture":10}} }'),
    (4, 35, 'Masque vent. éclats', 100, '{"Components": {"1":{"Drawable":107,"Texture":11}} }'),
    (4, 35, 'Masque vent. camouflage contraste', 100, '{"Components": {"1":{"Drawable":107,"Texture":12}} }'),
    (4, 35, 'Masque vent. pavés', 100, '{"Components": {"1":{"Drawable":107,"Texture":13}} }'),
    (4, 35, 'Masque vent. pêche camo.', 100, '{"Components": {"1":{"Drawable":107,"Texture":14}} }'),
    (4, 35, 'Masque vent. pinceau', 100, '{"Components": {"1":{"Drawable":107,"Texture":15}} }'),
    (4, 35, 'Masque vent. camouflage', 100, '{"Components": {"1":{"Drawable":107,"Texture":16}} }'),
    (4, 35, 'Masque vent. claire forêt', 100, '{"Components": {"1":{"Drawable":107,"Texture":17}} }'),
    (4, 35, 'Masque vent. vert mousse', 100, '{"Components": {"1":{"Drawable":107,"Texture":18}} }'),
    (4, 35, 'Masque vent. sable', 100, '{"Components": {"1":{"Drawable":107,"Texture":19}} }'),
    (4, 35, 'Masque vent. camo. vert', 100, '{"Components": {"1":{"Drawable":107,"Texture":20}} }'),
    (4, 35, 'Masque vent. camo. marron', 100, '{"Components": {"1":{"Drawable":107,"Texture":21}} }'),
    (4, 35, 'Masque vent. camo. mauve', 100, '{"Components": {"1":{"Drawable":107,"Texture":22}} }'),
    (4, 35, 'Masque vent. camo. rose', 100, '{"Components": {"1":{"Drawable":107,"Texture":23}} }'),
    (4, 33, 'Crâne blanc', 100, '{"Components": {"1":{"Drawable":108,"Texture":0}} }'),
    (4, 33, 'Crâne buriné', 100, '{"Components": {"1":{"Drawable":108,"Texture":1}} }'),
    (4, 33, 'Crâne ancien', 100, '{"Components": {"1":{"Drawable":108,"Texture":2}} }'),
    (4, 33, 'Crâne venin', 100, '{"Components": {"1":{"Drawable":108,"Texture":3}} }'),
    (4, 33, 'Crâne frais', 100, '{"Components": {"1":{"Drawable":108,"Texture":4}} }'),
    (4, 33, 'Crâne en chair', 100, '{"Components": {"1":{"Drawable":108,"Texture":5}} }'),
    (4, 33, 'Crâne vert mousse', 100, '{"Components": {"1":{"Drawable":108,"Texture":6}} }'),
    (4, 33, 'Crâne de sable', 100, '{"Components": {"1":{"Drawable":108,"Texture":7}} }'),
    (4, 33, 'Crâne encre noire', 100, '{"Components": {"1":{"Drawable":108,"Texture":8}} }'),
    (4, 33, 'Crâne taché', 100, '{"Components": {"1":{"Drawable":108,"Texture":9}} }'),
    (4, 33, 'Crâne brun clair en cuir', 100, '{"Components": {"1":{"Drawable":108,"Texture":10}} }'),
    (4, 33, 'Crâne chocolat en cuir', 100, '{"Components": {"1":{"Drawable":108,"Texture":11}} }'),
    (4, 33, 'Crâne orange yeux ouverts', 100, '{"Components": {"1":{"Drawable":108,"Texture":12}} }'),
    (4, 33, 'Crâne possédé', 100, '{"Components": {"1":{"Drawable":108,"Texture":13}} }'),
    (4, 33, 'Crâne yeux ouverts', 100, '{"Components": {"1":{"Drawable":108,"Texture":14}} }'),
    (4, 33, 'Crâne tatoué', 100, '{"Components": {"1":{"Drawable":108,"Texture":15}} }'),
    (4, 33, 'Crâne bleu peint', 100, '{"Components": {"1":{"Drawable":108,"Texture":16}} }'),
    (4, 33, 'Crâne rose peint', 100, '{"Components": {"1":{"Drawable":108,"Texture":17}} }'),
    (4, 33, 'Crâne vert peint', 100, '{"Components": {"1":{"Drawable":108,"Texture":18}} }'),
    (4, 33, 'Crâne moutarde peint', 100, '{"Components": {"1":{"Drawable":108,"Texture":19}} }'),
    (4, 33, 'Crâne orange yeux tourbi.', 100, '{"Components": {"1":{"Drawable":108,"Texture":20}} }'),
    (4, 33, 'Crâne cuir yeux lumineux', 100, '{"Components": {"1":{"Drawable":108,"Texture":21}} }'),
    (4, 33, 'Crâne ocre brun', 100, '{"Components": {"1":{"Drawable":108,"Texture":23}} }'),
    (4, 33, 'Crâne à rayure', 100, '{"Components": {"1":{"Drawable":108,"Texture":24}} }'),
    (4, 33, 'Casque aviateur, lunettes vert', 100, '{"Components": {"1":{"Drawable":109,"Texture":0}} }'),
    (4, 33, 'Casque aviateur, lunettes marron', 100, '{"Components": {"1":{"Drawable":109,"Texture":1}} }'),
    (4, 33, 'Casque aviateur, lunettes mauve', 100, '{"Components": {"1":{"Drawable":109,"Texture":2}} }'),
    (4, 33, 'Casque aviateur, lunettes rose', 100, '{"Components": {"1":{"Drawable":109,"Texture":3}} }'),
    (4, 33, 'Casque aviateur, noir', 100, '{"Components": {"1":{"Drawable":109,"Texture":4}} }'),
    (4, 33, 'Casque aviateur, sable', 100, '{"Components": {"1":{"Drawable":109,"Texture":5}} }'),
    (4, 33, 'Casque aviateur, vert', 100, '{"Components": {"1":{"Drawable":109,"Texture":6}} }'),
    (4, 33, 'Casque aviateur, olive', 100, '{"Components": {"1":{"Drawable":109,"Texture":7}} }'),
    (4, 33, 'Casque aviateur, clair forêt', 100, '{"Components": {"1":{"Drawable":109,"Texture":8}} }'),
    (4, 33, 'Casque aviateur, camo. turquoise', 100, '{"Components": {"1":{"Drawable":109,"Texture":9}} }'),
    (4, 33, 'Casque aviateur, éclats', 100, '{"Components": {"1":{"Drawable":109,"Texture":10}} }'),
    (4, 33, 'Casque aviateur, camouflage', 100, '{"Components": {"1":{"Drawable":109,"Texture":11}} }'),
    (4, 37, 'Cyborg noir', 100, '{"Components": {"1":{"Drawable":110,"Texture":0}} }'),
    (4, 37, 'Cyborg bleu pixels', 100, '{"Components": {"1":{"Drawable":110,"Texture":1}} }'),
    (4, 37, 'Cyborg marron pixels', 100, '{"Components": {"1":{"Drawable":110,"Texture":2}} }'),
    (4, 37, 'Cyborg vert pixels', 100, '{"Components": {"1":{"Drawable":110,"Texture":3}} }'),
    (4, 37, 'Cyborg beige', 100, '{"Components": {"1":{"Drawable":110,"Texture":4}} }'),
    (4, 37, 'Cyborg sombre forêt', 100, '{"Components": {"1":{"Drawable":110,"Texture":5}} }'),
    (4, 37, 'Cyborg quadrillé', 100, '{"Components": {"1":{"Drawable":110,"Texture":6}} }'),
    (4, 37, 'Cyborg gris forêt', 100, '{"Components": {"1":{"Drawable":110,"Texture":7}} }'),
    (4, 37, 'Cyborg camouflage turquoise', 100, '{"Components": {"1":{"Drawable":110,"Texture":8}} }'),
    (4, 37, 'Cyborg éclats', 100, '{"Components": {"1":{"Drawable":110,"Texture":9}} }'),
    (4, 37, 'Cyborg camouflage contraste', 100, '{"Components": {"1":{"Drawable":110,"Texture":10}} }'),
    (4, 37, 'Cyborg pavés', 100, '{"Components": {"1":{"Drawable":110,"Texture":11}} }'),
    (4, 37, 'Cyborg pêche forêt', 100, '{"Components": {"1":{"Drawable":110,"Texture":12}} }'),
    (4, 37, 'Cyborg pinceau', 100, '{"Components": {"1":{"Drawable":110,"Texture":13}} }'),
    (4, 37, 'Cyborg camouflage', 100, '{"Components": {"1":{"Drawable":110,"Texture":14}} }'),
    (4, 37, 'Cyborg clair forêt', 100, '{"Components": {"1":{"Drawable":110,"Texture":15}} }'),
    (4, 37, 'Cyborg à rayures bleues', 100, '{"Components": {"1":{"Drawable":110,"Texture":16}} }'),
    (4, 37, 'Cyborg à rayures vert mousse', 100, '{"Components": {"1":{"Drawable":110,"Texture":17}} }'),
    (4, 37, 'Cyborg à rayures orange', 100, '{"Components": {"1":{"Drawable":110,"Texture":18}} }'),
    (4, 37, 'Cyborg jaune', 100, '{"Components": {"1":{"Drawable":110,"Texture":19}} }'),
    (4, 37, 'Cyborg zébré', 100, '{"Components": {"1":{"Drawable":110,"Texture":20}} }'),
    (4, 37, 'Cyborg blanc', 100, '{"Components": {"1":{"Drawable":110,"Texture":21}} }'),
    (4, 35, 'Bandana vert crâne ', 100, '{"Components": {"1":{"Drawable":111,"Texture":0}} }'),
    (4, 35, 'Bandana marron crâne', 100, '{"Components": {"1":{"Drawable":111,"Texture":1}} }'),
    (4, 35, 'Bandana mauve crâne', 100, '{"Components": {"1":{"Drawable":111,"Texture":2}} }'),
    (4, 35, 'Bandana rose crâne ', 100, '{"Components": {"1":{"Drawable":111,"Texture":3}} }'),
    (4, 35, 'Bandana Blagueurs bleu', 100, '{"Components": {"1":{"Drawable":111,"Texture":4}} }'),
    (4, 35, 'Bandana Blagueurs rouge', 100, '{"Components": {"1":{"Drawable":111,"Texture":5}} }'),
    (4, 35, 'Bandana abstrait vif', 100, '{"Components": {"1":{"Drawable":111,"Texture":6}} }'),
    (4, 35, 'Bandana géométrique', 100, '{"Components": {"1":{"Drawable":111,"Texture":7}} }'),
    (4, 35, 'Bandana Bigness éclats', 100, '{"Components": {"1":{"Drawable":111,"Texture":8}} }'),
    (4, 35, 'Bandana Bigness rouge', 100, '{"Components": {"1":{"Drawable":111,"Texture":9}} }'),
    (4, 35, 'Bandana vert à feuilles', 100, '{"Components": {"1":{"Drawable":111,"Texture":10}} }'),
    (4, 35, 'Bandana bleu à feuilles', 100, '{"Components": {"1":{"Drawable":111,"Texture":11}} }'),
    (4, 35, 'Bandana Manor rouge', 100, '{"Components": {"1":{"Drawable":111,"Texture":12}} }'),
    (4, 35, 'Bandana Manor noir', 100, '{"Components": {"1":{"Drawable":111,"Texture":13}} }'),
    (4, 35, 'Bandana Manor crânes', 100, '{"Components": {"1":{"Drawable":111,"Texture":14}} }'),
    (4, 35, 'Bandana Broker blanc', 100, '{"Components": {"1":{"Drawable":111,"Texture":15}} }'),
    (4, 35, 'Bandana Broker orange', 100, '{"Components": {"1":{"Drawable":111,"Texture":16}} }'),
    (4, 35, 'Bandana Broker noir', 100, '{"Components": {"1":{"Drawable":111,"Texture":17}} }'),
    (4, 35, 'Bandana Broker blanc cassé', 100, '{"Components": {"1":{"Drawable":111,"Texture":18}} }'),
    (4, 35, 'Bandana patriotique', 100, '{"Components": {"1":{"Drawable":111,"Texture":19}} }'),
    (4, 35, 'Bandana bariolé', 100, '{"Components": {"1":{"Drawable":111,"Texture":20}} }'),
    (4, 35, 'Bandana fractal', 100, '{"Components": {"1":{"Drawable":111,"Texture":21}} }'),
    (4, 35, 'Bandana camo. contraste', 100, '{"Components": {"1":{"Drawable":111,"Texture":22}} }'),
    (4, 35, 'Bandana zébré ', 100, '{"Components": {"1":{"Drawable":111,"Texture":23}} }'),
    (4, 35, 'Bandana à motifs sombres', 100, '{"Components": {"1":{"Drawable":111,"Texture":24}} }'),
    (4, 35, 'Bandana à motifs clairs', 100, '{"Components": {"1":{"Drawable":111,"Texture":25}} }'),
    (4, 37, 'Mandibule noire', 100, '{"Components": {"1":{"Drawable":112,"Texture":0}} }'),
    (4, 37, 'Mandibule bleue pixels', 100, '{"Components": {"1":{"Drawable":112,"Texture":1}} }'),
    (4, 37, 'Mandibule marron pixels', 100, '{"Components": {"1":{"Drawable":112,"Texture":2}} }'),
    (4, 37, 'Mandibule verte pixels', 100, '{"Components": {"1":{"Drawable":112,"Texture":3}} }'),
    (4, 37, 'Mandibule beige', 100, '{"Components": {"1":{"Drawable":112,"Texture":4}} }'),
    (4, 37, 'Mandibule sombre forêt', 100, '{"Components": {"1":{"Drawable":112,"Texture":5}} }'),
    (4, 37, 'Mandibule quadrillée', 100, '{"Components": {"1":{"Drawable":112,"Texture":6}} }'),
    (4, 37, 'Mandibule grise forêt', 100, '{"Components": {"1":{"Drawable":112,"Texture":7}} }'),
    (4, 37, 'Mandibule camo. turquoise', 100, '{"Components": {"1":{"Drawable":112,"Texture":8}} }'),
    (4, 37, 'Mandibule éclats', 100, '{"Components": {"1":{"Drawable":112,"Texture":9}} }'),
    (4, 37, 'Mandibule camo. contraste', 100, '{"Components": {"1":{"Drawable":112,"Texture":10}} }'),
    (4, 37, 'Mandibule pavés', 100, '{"Components": {"1":{"Drawable":112,"Texture":11}} }'),
    (4, 37, 'Mandibule pêche forêt', 100, '{"Components": {"1":{"Drawable":112,"Texture":12}} }'),
    (4, 37, 'Mandibule pinceau', 100, '{"Components": {"1":{"Drawable":112,"Texture":13}} }'),
    (4, 37, 'Mandibule camouflage', 100, '{"Components": {"1":{"Drawable":112,"Texture":14}} }'),
    (4, 37, 'Mandibule claire forêt', 100, '{"Components": {"1":{"Drawable":112,"Texture":15}} }'),
    (4, 37, 'Mandibule à rayure bleue', 100, '{"Components": {"1":{"Drawable":112,"Texture":16}} }'),
    (4, 37, 'Mandibule à rayure v. mousse', 100, '{"Components": {"1":{"Drawable":112,"Texture":17}} }'),
    (4, 37, 'Mandibule à rayure orange', 100, '{"Components": {"1":{"Drawable":112,"Texture":18}} }'),
    (4, 37, 'Mandibule jaune', 100, '{"Components": {"1":{"Drawable":112,"Texture":19}} }'),
    (4, 37, 'Mandibule zébrée', 100, '{"Components": {"1":{"Drawable":112,"Texture":20}} }'),
    (4, 37, 'Mandibule blanche', 100, '{"Components": {"1":{"Drawable":112,"Texture":21}} }'),
    (4, 35, 'Découvert marron', 100, '{"Components": {"1":{"Drawable":114,"Texture":0}} }'),
    (4, 35, 'Découvert bleu-vert', 100, '{"Components": {"1":{"Drawable":114,"Texture":1}} }'),
    (4, 35, 'Découvert vert', 100, '{"Components": {"1":{"Drawable":114,"Texture":2}} }'),
    (4, 35, 'Découvert jaune', 100, '{"Components": {"1":{"Drawable":114,"Texture":3}} }'),
    (4, 35, 'Découvert turquoise', 100, '{"Components": {"1":{"Drawable":114,"Texture":4}} }'),
    (4, 35, 'Découvert marron pixels', 100, '{"Components": {"1":{"Drawable":114,"Texture":5}} }'),
    (4, 35, 'Découvert jaune à motifs', 100, '{"Components": {"1":{"Drawable":114,"Texture":6}} }'),
    (4, 35, 'Découv. rouge foncé à motifs', 100, '{"Components": {"1":{"Drawable":114,"Texture":7}} }'),
    (4, 35, 'Découvert pêche pixels', 100, '{"Components": {"1":{"Drawable":114,"Texture":8}} }'),
    (4, 35, 'Découvert beige', 100, '{"Components": {"1":{"Drawable":114,"Texture":9}} }'),
    (4, 35, 'Découvert sombre forêt', 100, '{"Components": {"1":{"Drawable":114,"Texture":10}} }'),
    (4, 35, 'Découvert orange à motifs', 100, '{"Components": {"1":{"Drawable":114,"Texture":11}} }'),
    (4, 35, 'Découvert rouge à motifs', 100, '{"Components": {"1":{"Drawable":114,"Texture":12}} }'),
    (4, 35, 'Découvert gris forêt', 100, '{"Components": {"1":{"Drawable":114,"Texture":13}} }'),
    (4, 35, 'Découvert bleu à motifs', 100, '{"Components": {"1":{"Drawable":114,"Texture":14}} }'),
    (4, 35, 'Découvert éclats', 100, '{"Components": {"1":{"Drawable":114,"Texture":15}} }'),
    (4, 35, 'Découvert violet à motifs', 100, '{"Components": {"1":{"Drawable":114,"Texture":16}} }'),
    (4, 35, 'Découvert pavillon noir', 100, '{"Components": {"1":{"Drawable":114,"Texture":17}} }'),
    (4, 35, 'Découvert pêche forêt', 100, '{"Components": {"1":{"Drawable":114,"Texture":18}} }'),
    (4, 35, 'Découvert pinceau', 100, '{"Components": {"1":{"Drawable":114,"Texture":19}} }'),
    (4, 35, 'Découvert camouflage', 100, '{"Components": {"1":{"Drawable":114,"Texture":20}} }'),
    (4, 35, 'Découvert à motifs armes', 100, '{"Components": {"1":{"Drawable":114,"Texture":21}} }'),
    (4, 35, 'Découvert camo. vert', 100, '{"Components": {"1":{"Drawable":114,"Texture":22}} }'),
    (4, 35, 'Découvert camo. marron', 100, '{"Components": {"1":{"Drawable":114,"Texture":23}} }'),
    (4, 35, 'Découvert camo. mauve', 100, '{"Components": {"1":{"Drawable":114,"Texture":24}} }'),
    (4, 35, 'Découvert camo. rose', 100, '{"Components": {"1":{"Drawable":114,"Texture":25}} }'),
    (4, 35, 'Couvert marron', 100, '{"Components": {"1":{"Drawable":115,"Texture":0}} }'),
    (4, 35, 'Couvert bleu-vert', 100, '{"Components": {"1":{"Drawable":115,"Texture":1}} }'),
    (4, 35, 'Couvert vert', 100, '{"Components": {"1":{"Drawable":115,"Texture":2}} }'),
    (4, 35, 'Couvert jaune', 100, '{"Components": {"1":{"Drawable":115,"Texture":3}} }'),
    (4, 35, 'Couvert turquoise', 100, '{"Components": {"1":{"Drawable":115,"Texture":4}} }'),
    (4, 35, 'Couvert marorn pixels', 100, '{"Components": {"1":{"Drawable":115,"Texture":5}} }'),
    (4, 35, 'Couvert rouge à motifs', 100, '{"Components": {"1":{"Drawable":115,"Texture":6}} }'),
    (4, 35, 'Couvert pavillon noir', 100, '{"Components": {"1":{"Drawable":115,"Texture":7}} }'),
    (4, 35, 'Couvert pêche pixels', 100, '{"Components": {"1":{"Drawable":115,"Texture":8}} }'),
    (4, 35, 'Couvert beige', 100, '{"Components": {"1":{"Drawable":115,"Texture":9}} }'),
    (4, 35, 'Couvert sombre forêt', 100, '{"Components": {"1":{"Drawable":115,"Texture":10}} }'),
    (4, 35, 'Couvert à motifs armes', 100, '{"Components": {"1":{"Drawable":115,"Texture":11}} }'),
    (4, 35, 'Couvert bleu à motifs', 100, '{"Components": {"1":{"Drawable":115,"Texture":12}} }'),
    (4, 35, 'Couvert gris forêt', 100, '{"Components": {"1":{"Drawable":115,"Texture":13}} }'),
    (4, 35, 'Couvert sombre à motifs', 100, '{"Components": {"1":{"Drawable":115,"Texture":14}} }'),
    (4, 35, 'Couvert éclats', 100, '{"Components": {"1":{"Drawable":115,"Texture":15}} }'),
    (4, 35, 'Couvert rouge foncé à motifs', 100, '{"Components": {"1":{"Drawable":115,"Texture":16}} }'),
    (4, 35, 'Couvert orange à motifs', 100, '{"Components": {"1":{"Drawable":115,"Texture":17}} }'),
    (4, 35, 'Couvert pêche forêt', 100, '{"Components": {"1":{"Drawable":115,"Texture":18}} }'),
    (4, 35, 'Couvert pinceau', 100, '{"Components": {"1":{"Drawable":115,"Texture":19}} }'),
    (4, 35, 'Couvert camouflage', 100, '{"Components": {"1":{"Drawable":115,"Texture":20}} }'),
    (4, 35, 'Couvert violet à motifs', 100, '{"Components": {"1":{"Drawable":115,"Texture":21}} }'),
    (4, 35, 'Couvert camo. vert', 100, '{"Components": {"1":{"Drawable":115,"Texture":22}} }'),
    (4, 35, 'Couvert camo. marron', 100, '{"Components": {"1":{"Drawable":115,"Texture":23}} }'),
    (4, 35, 'Couvert camo. mauve', 100, '{"Components": {"1":{"Drawable":115,"Texture":24}} }'),
    (4, 35, 'Couvert camo. rose', 100, '{"Components": {"1":{"Drawable":115,"Texture":25}} }'),
    (4, 35, 'Cache-col marron', 100, '{"Components": {"1":{"Drawable":116,"Texture":0}} }'),
    (4, 35, 'Cache-col bleu-vert', 100, '{"Components": {"1":{"Drawable":116,"Texture":1}} }'),
    (4, 35, 'Cache-col vert', 100, '{"Components": {"1":{"Drawable":116,"Texture":2}} }'),
    (4, 35, 'Cache-col jaune', 100, '{"Components": {"1":{"Drawable":116,"Texture":3}} }'),
    (4, 35, 'Cache-col turquoise', 100, '{"Components": {"1":{"Drawable":116,"Texture":4}} }'),
    (4, 35, 'Cache-col marron pixels', 100, '{"Components": {"1":{"Drawable":116,"Texture":5}} }'),
    (4, 35, 'Cache-col rouge foncé motifs', 100, '{"Components": {"1":{"Drawable":116,"Texture":6}} }'),
    (4, 35, 'Cache-col orange', 100, '{"Components": {"1":{"Drawable":116,"Texture":7}} }'),
    (4, 35, 'Cache-col pêche pixels', 100, '{"Components": {"1":{"Drawable":116,"Texture":8}} }'),
    (4, 35, 'Cache-col beige', 100, '{"Components": {"1":{"Drawable":116,"Texture":9}} }'),
    (4, 35, 'Cache-col sombre forêt', 100, '{"Components": {"1":{"Drawable":116,"Texture":10}} }'),
    (4, 35, 'Cache-col bleu à motifs', 100, '{"Components": {"1":{"Drawable":116,"Texture":11}} }'),
    (4, 35, 'Cache-col violet à motifs', 100, '{"Components": {"1":{"Drawable":116,"Texture":12}} }'),
    (4, 35, 'Cache-col gris forêt', 100, '{"Components": {"1":{"Drawable":116,"Texture":13}} }'),
    (4, 35, 'Cache-col jaune à motifs', 100, '{"Components": {"1":{"Drawable":116,"Texture":14}} }'),
    (4, 35, 'Cache-col éclats', 100, '{"Components": {"1":{"Drawable":116,"Texture":15}} }'),
    (4, 35, 'Cache-col rouge à motifs', 100, '{"Components": {"1":{"Drawable":116,"Texture":16}} }'),
    (4, 35, 'Cache-col à motifs armes', 100, '{"Components": {"1":{"Drawable":116,"Texture":17}} }'),
    (4, 35, 'Cache-col pêche forêt', 100, '{"Components": {"1":{"Drawable":116,"Texture":18}} }'),
    (4, 35, 'Cache-col pinceau', 100, '{"Components": {"1":{"Drawable":116,"Texture":19}} }'),
    (4, 35, 'Cache-col camouflage', 100, '{"Components": {"1":{"Drawable":116,"Texture":20}} }'),
    (4, 35, 'Cache-col pavillon noir', 100, '{"Components": {"1":{"Drawable":116,"Texture":21}} }'),
    (4, 35, 'Cache-col camo. vert', 100, '{"Components": {"1":{"Drawable":116,"Texture":22}} }'),
    (4, 35, 'Cache-col camo. marron', 100, '{"Components": {"1":{"Drawable":116,"Texture":23}} }'),
    (4, 35, 'Cache-col camo. mauve', 100, '{"Components": {"1":{"Drawable":116,"Texture":24}} }'),
    (4, 35, 'Cache-col camo. rose', 100, '{"Components": {"1":{"Drawable":116,"Texture":25}} }'),
    (4, 36, 'Laine claire rayée', 150, '{"Components": {"1":{"Drawable":117,"Texture":0}} }'),
    (4, 36, 'Laine rouge foncé', 150, '{"Components": {"1":{"Drawable":117,"Texture":1}} }'),
    (4, 36, 'Laine verte et beige', 150, '{"Components": {"1":{"Drawable":117,"Texture":2}} }'),
    (4, 36, 'Laine aube', 150, '{"Components": {"1":{"Drawable":117,"Texture":3}} }'),
    (4, 36, 'Laine grise pixels', 150, '{"Components": {"1":{"Drawable":117,"Texture":4}} }'),
    (4, 36, 'Laine grise forêt', 150, '{"Components": {"1":{"Drawable":117,"Texture":5}} }'),
    (4, 36, 'Laine marron pixels', 150, '{"Components": {"1":{"Drawable":117,"Texture":6}} }'),
    (4, 36, 'Laine rayures rouges', 150, '{"Components": {"1":{"Drawable":117,"Texture":7}} }'),
    (4, 36, 'Laine crâne', 150, '{"Components": {"1":{"Drawable":117,"Texture":8}} }'),
    (4, 36, 'Laine bordeaux à rayures', 150, '{"Components": {"1":{"Drawable":117,"Texture":9}} }'),
    (4, 36, 'Laine vert clair', 150, '{"Components": {"1":{"Drawable":117,"Texture":10}} }'),
    (4, 36, 'Laine camo. turquoise', 150, '{"Components": {"1":{"Drawable":117,"Texture":11}} }'),
    (4, 36, 'Laine à rayures', 150, '{"Components": {"1":{"Drawable":117,"Texture":12}} }'),
    (4, 36, 'Laine noire et rouge', 150, '{"Components": {"1":{"Drawable":117,"Texture":13}} }'),
    (4, 36, 'Laine verte à rayures', 150, '{"Components": {"1":{"Drawable":117,"Texture":14}} }'),
    (4, 36, 'Laine tigrée', 150, '{"Components": {"1":{"Drawable":117,"Texture":15}} }'),
    (4, 36, 'Laine léopard', 150, '{"Components": {"1":{"Drawable":117,"Texture":16}} }'),
    (4, 36, 'Laine sombre', 150, '{"Components": {"1":{"Drawable":117,"Texture":17}} }'),
    (4, 36, 'Laine patriotique', 150, '{"Components": {"1":{"Drawable":117,"Texture":18}} }'),
    (4, 36, 'Laine bleue luchador', 150, '{"Components": {"1":{"Drawable":117,"Texture":19}} }'),
    (4, 36, 'Laine verte luchador', 150, '{"Components": {"1":{"Drawable":117,"Texture":20}} }'),
    (4, 37, 'T-shirt camouflage vert', 100, '{"Components": {"1":{"Drawable":118,"Texture":0}} }'),
    (4, 37, 'T-shirt camouflage orange', 100, '{"Components": {"1":{"Drawable":118,"Texture":1}} }'),
    (4, 37, 'T-shirt camouflage mauve', 100, '{"Components": {"1":{"Drawable":118,"Texture":2}} }'),
    (4, 37, 'T-shirt camouflage rose', 100, '{"Components": {"1":{"Drawable":118,"Texture":3}} }'),
    (4, 37, 'T-shirt léopard magenta', 100, '{"Components": {"1":{"Drawable":118,"Texture":4}} }'),
    (4, 37, 'T-shirt marine peint', 100, '{"Components": {"1":{"Drawable":118,"Texture":5}} }'),
    (4, 37, 'T-shirt feuilles', 100, '{"Components": {"1":{"Drawable":118,"Texture":6}} }'),
    (4, 37, 'T-shirt gris pixels', 100, '{"Components": {"1":{"Drawable":118,"Texture":7}} }'),
    (4, 37, 'T-shirt camouflage turquoise', 100, '{"Components": {"1":{"Drawable":118,"Texture":8}} }'),
    (4, 37, 'T-shirt camouflage rouge', 100, '{"Components": {"1":{"Drawable":118,"Texture":9}} }'),
    (4, 37, 'T-shirt Bigness camouflage', 100, '{"Components": {"1":{"Drawable":118,"Texture":10}} }'),
    (4, 37, 'T-shirt Bigness noir', 100, '{"Components": {"1":{"Drawable":118,"Texture":11}} }'),
    (4, 37, 'T-shirt Bigness rouge', 100, '{"Components": {"1":{"Drawable":118,"Texture":12}} }'),
    (4, 37, 'T-shirt Bigness gris', 100, '{"Components": {"1":{"Drawable":118,"Texture":13}} }'),
    (4, 37, 'T-shirt rayé', 100, '{"Components": {"1":{"Drawable":118,"Texture":14}} }'),
    (4, 37, 'T-shirt Squash jus d\'orange', 100, '{"Components": {"1":{"Drawable":118,"Texture":15}} }'),
    (4, 37, 'T-shirt vert et rose', 100, '{"Components": {"1":{"Drawable":118,"Texture":16}} }'),
    (4, 37, 'T-shirt patriotique', 100, '{"Components": {"1":{"Drawable":118,"Texture":17}} }'),
    (4, 37, 'T-shirt noir patriotique', 100, '{"Components": {"1":{"Drawable":118,"Texture":18}} }'),
    (4, 37, 'T-shirt République SA', 100, '{"Components": {"1":{"Drawable":118,"Texture":19}} }'),
    (4, 37, 'T-shirt turquoise peint', 100, '{"Components": {"1":{"Drawable":118,"Texture":20}} }'),
    (4, 37, 'T-shirt excentrique', 100, '{"Components": {"1":{"Drawable":118,"Texture":21}} }'),
    (4, 37, 'T-shirt rose teint', 100, '{"Components": {"1":{"Drawable":118,"Texture":22}} }'),
    (4, 37, 'T-shirt orange à motif', 100, '{"Components": {"1":{"Drawable":118,"Texture":23}} }'),
    (4, 37, 'T-shirt vert à motif', 100, '{"Components": {"1":{"Drawable":118,"Texture":24}} }'),
    (4, 37, 'T-shirt rose à motif', 100, '{"Components": {"1":{"Drawable":118,"Texture":25}} }'),
    (4, 36, 'Miteuse crâne', 150, '{"Components": {"1":{"Drawable":119,"Texture":0}} }'),
    (4, 36, 'Miteuse gris cendre', 150, '{"Components": {"1":{"Drawable":119,"Texture":1}} }'),
    (4, 36, 'Miteuse anthracite', 150, '{"Components": {"1":{"Drawable":119,"Texture":2}} }'),
    (4, 36, 'Miteuse chocolat', 150, '{"Components": {"1":{"Drawable":119,"Texture":3}} }'),
    (4, 36, 'Miteuse bleue', 150, '{"Components": {"1":{"Drawable":119,"Texture":4}} }'),
    (4, 36, 'Miteuse toile de jute', 150, '{"Components": {"1":{"Drawable":119,"Texture":5}} }'),
    (4, 36, 'Miteuse rouge foncé', 150, '{"Components": {"1":{"Drawable":119,"Texture":6}} }'),
    (4, 36, 'Miteuse vert clair', 150, '{"Components": {"1":{"Drawable":119,"Texture":7}} }'),
    (4, 36, 'Miteuse beige rayée', 150, '{"Components": {"1":{"Drawable":119,"Texture":8}} }'),
    (4, 36, 'Miteuse rasta rayée', 150, '{"Components": {"1":{"Drawable":119,"Texture":9}} }'),
    (4, 36, 'Miteuse trio rayée', 150, '{"Components": {"1":{"Drawable":119,"Texture":10}} }'),
    (4, 36, 'Miteuse orange rayée', 150, '{"Components": {"1":{"Drawable":119,"Texture":11}} }'),
    (4, 36, 'Miteuse léopard magenta', 150, '{"Components": {"1":{"Drawable":119,"Texture":12}} }'),
    (4, 36, 'Miteuse couleurs vives', 150, '{"Components": {"1":{"Drawable":119,"Texture":13}} }'),
    (4, 36, 'Miteuse de skate', 150, '{"Components": {"1":{"Drawable":119,"Texture":14}} }'),
    (4, 36, 'Miteuse rose', 150, '{"Components": {"1":{"Drawable":119,"Texture":15}} }'),
    (4, 36, 'Miteuse camouflage turquoise', 150, '{"Components": {"1":{"Drawable":119,"Texture":16}} }'),
    (4, 36, 'Miteuse grise pixels', 150, '{"Components": {"1":{"Drawable":119,"Texture":17}} }'),
    (4, 36, 'Miteuse grise forêt', 150, '{"Components": {"1":{"Drawable":119,"Texture":18}} }'),
    (4, 36, 'Miteuse ravissante', 150, '{"Components": {"1":{"Drawable":119,"Texture":19}} }'),
    (4, 36, 'Miteuse sombre fluo', 150, '{"Components": {"1":{"Drawable":119,"Texture":20}} }'),
    (4, 34, 'Dément lumineux', 250, '{"Components": {"1":{"Drawable":124,"Texture":0}} }'),
    (4, 34, 'Dément électrique', 250, '{"Components": {"1":{"Drawable":124,"Texture":1}} }'),
    (4, 34, 'Dément néon', 250, '{"Components": {"1":{"Drawable":124,"Texture":2}} }'),
    (4, 34, 'Amusé électrique', 250, '{"Components": {"1":{"Drawable":124,"Texture":3}} }'),
    (4, 34, 'Amusé lumineux', 250, '{"Components": {"1":{"Drawable":124,"Texture":4}} }'),
    (4, 34, 'Amusé néon', 250, '{"Components": {"1":{"Drawable":124,"Texture":5}} }'),
    (4, 34, 'Furieux lumineux', 250, '{"Components": {"1":{"Drawable":124,"Texture":6}} }'),
    (4, 34, 'Furieux électrique', 250, '{"Components": {"1":{"Drawable":124,"Texture":7}} }'),
    (4, 34, 'Furieux néon', 250, '{"Components": {"1":{"Drawable":124,"Texture":8}} }'),
    (4, 34, 'Ravi néon', 250, '{"Components": {"1":{"Drawable":124,"Texture":9}} }'),
    (4, 34, 'Ravi lumineux', 250, '{"Components": {"1":{"Drawable":124,"Texture":10}} }'),
    (4, 34, 'Ravi électrique', 250, '{"Components": {"1":{"Drawable":124,"Texture":11}} }'),
    (4, 34, 'Paisible néon', 250, '{"Components": {"1":{"Drawable":124,"Texture":12}} }'),
    (4, 34, 'Paisible électrique', 250, '{"Components": {"1":{"Drawable":124,"Texture":13}} }'),
    (4, 34, 'Paisible lumineux', 250, '{"Components": {"1":{"Drawable":124,"Texture":14}} }'),
    (4, 34, 'Transcendant lumineux', 250, '{"Components": {"1":{"Drawable":124,"Texture":15}} }'),
    (4, 34, 'Transcendant électrique', 250, '{"Components": {"1":{"Drawable":124,"Texture":16}} }'),
    (4, 34, 'Transcendant néon', 250, '{"Components": {"1":{"Drawable":124,"Texture":17}} }'),
    (4, 34, 'Tribal électrique', 250, '{"Components": {"1":{"Drawable":124,"Texture":18}} }'),
    (4, 34, 'Tribal lumineux', 250, '{"Components": {"1":{"Drawable":124,"Texture":19}} }'),
    (4, 34, 'Tribal néon', 250, '{"Components": {"1":{"Drawable":124,"Texture":20}} }'),
    (4, 34, 'Iwazaru lumineux', 250, '{"Components": {"1":{"Drawable":124,"Texture":21}} }'),
    (4, 34, 'Iwazaru électrique', 250, '{"Components": {"1":{"Drawable":124,"Texture":22}} }'),
    (4, 34, 'Iwazaru néon', 250, '{"Components": {"1":{"Drawable":124,"Texture":23}} }'),
    (4, 37, 'Cuirassé uni noir', 100, '{"Components": {"1":{"Drawable":125,"Texture":0}} }'),
    (4, 37, 'Cuirassé uni gris', 100, '{"Components": {"1":{"Drawable":125,"Texture":1}} }'),
    (4, 37, 'Cuirassé uni blanc', 100, '{"Components": {"1":{"Drawable":125,"Texture":2}} }'),
    (4, 37, 'Cuirassé uni sable', 100, '{"Components": {"1":{"Drawable":125,"Texture":3}} }'),
    (4, 37, 'Cuirassé uni vert', 100, '{"Components": {"1":{"Drawable":125,"Texture":4}} }'),
    (4, 37, 'Cuirassé uni marron', 100, '{"Components": {"1":{"Drawable":125,"Texture":5}} }'),
    (4, 37, 'Cuirassé uni mauve', 100, '{"Components": {"1":{"Drawable":125,"Texture":6}} }'),
    (4, 37, 'Cuirassé uni rose', 100, '{"Components": {"1":{"Drawable":125,"Texture":7}} }'),
    (4, 37, 'Cuirassé à lunettes sable', 100, '{"Components": {"1":{"Drawable":125,"Texture":8}} }'),
    (4, 37, 'Cuirassé à lunettes rouge', 100, '{"Components": {"1":{"Drawable":125,"Texture":9}} }'),
    (4, 37, 'Cuirassé carbone noir', 100, '{"Components": {"1":{"Drawable":125,"Texture":10}} }'),
    (4, 37, 'Cuirassé carbone sable', 100, '{"Components": {"1":{"Drawable":125,"Texture":11}} }'),
    (4, 37, 'Cuirassé crânien', 100, '{"Components": {"1":{"Drawable":125,"Texture":12}} }'),
    (4, 37, 'Cuirassé camouflage', 100, '{"Components": {"1":{"Drawable":125,"Texture":13}} }'),
    (4, 37, 'Cuirassé éclats', 100, '{"Components": {"1":{"Drawable":125,"Texture":14}} }'),
    (4, 37, 'Cuirassé rouge et noir', 100, '{"Components": {"1":{"Drawable":125,"Texture":15}} }'),
    (4, 37, 'Cuirassé bleu et noir', 100, '{"Components": {"1":{"Drawable":125,"Texture":16}} }'),
    (4, 37, 'Cuirassé jaune et noir', 100, '{"Components": {"1":{"Drawable":125,"Texture":17}} }'),
    (4, 37, 'Cuirassé orange et noir', 100, '{"Components": {"1":{"Drawable":125,"Texture":18}} }'),
    (4, 37, 'Cuirassé blanc et noir', 100, '{"Components": {"1":{"Drawable":125,"Texture":19}} }'),
    (4, 37, 'Cuirassé bande rouge', 100, '{"Components": {"1":{"Drawable":125,"Texture":20}} }'),
    (4, 37, 'Cuirassé bande noire', 100, '{"Components": {"1":{"Drawable":125,"Texture":21}} }'),
    (4, 37, 'Cuirassé blanc cassé & rouge', 100, '{"Components": {"1":{"Drawable":125,"Texture":22}} }'),
    (4, 37, 'Cuirassé rouge', 100, '{"Components": {"1":{"Drawable":125,"Texture":23}} }'),
    (4, 37, 'Cuirassé marron pixels', 100, '{"Components": {"1":{"Drawable":125,"Texture":24}} }'),
    (4, 37, 'Cuirassé beige', 100, '{"Components": {"1":{"Drawable":125,"Texture":25}} }'),
    (4, 37, 'Forces spéciales noir', 100, '{"Components": {"1":{"Drawable":126,"Texture":0}} }'),
    (4, 37, 'Forces spéciales carbone', 100, '{"Components": {"1":{"Drawable":126,"Texture":1}} }'),
    (4, 37, 'Forces spéciales écailles', 100, '{"Components": {"1":{"Drawable":126,"Texture":2}} }'),
    (4, 37, 'Forces spéciales beige pixels ', 100, '{"Components": {"1":{"Drawable":126,"Texture":3}} }'),
    (4, 37, 'Forces spéc. camo. turquoise', 100, '{"Components": {"1":{"Drawable":126,"Texture":4}} }'),
    (4, 37, 'Forces spéciales éclats', 100, '{"Components": {"1":{"Drawable":126,"Texture":5}} }'),
    (4, 37, 'Forces spéciales uni éclats', 100, '{"Components": {"1":{"Drawable":126,"Texture":6}} }'),
    (4, 37, 'Forces spéciales gris forêt', 100, '{"Components": {"1":{"Drawable":126,"Texture":7}} }'),
    (4, 37, 'Forces spéciales sombre forêt', 100, '{"Components": {"1":{"Drawable":126,"Texture":8}} }'),
    (4, 37, 'Forces spéc. crâne électrique', 100, '{"Components": {"1":{"Drawable":126,"Texture":9}} }'),
    (4, 37, 'Forces spéciales LSPD', 100, '{"Components": {"1":{"Drawable":126,"Texture":10}} }'),
    (4, 37, 'Forces spéciales crâne orné', 100, '{"Components": {"1":{"Drawable":126,"Texture":11}} }'),
    (4, 37, 'Forces spéciales à rayures', 100, '{"Components": {"1":{"Drawable":126,"Texture":12}} }'),
    (4, 37, 'Forces spéciales opéra', 100, '{"Components": {"1":{"Drawable":126,"Texture":13}} }'),
    (4, 37, 'Forces spéciales vert', 100, '{"Components": {"1":{"Drawable":126,"Texture":14}} }'),
    (4, 37, 'Forces spéciales marron', 100, '{"Components": {"1":{"Drawable":126,"Texture":15}} }'),
    (4, 37, 'Forces spéciales mauve', 100, '{"Components": {"1":{"Drawable":126,"Texture":16}} }'),
    (4, 37, 'Forces spéciales rose', 100, '{"Components": {"1":{"Drawable":126,"Texture":17}} }'),
    (4, 37, 'P\'tit biscuit, vert', 100, '{"Components": {"1":{"Drawable":127,"Texture":0}} }'),
    (4, 37, 'P\'tit biscuit, rouge', 100, '{"Components": {"1":{"Drawable":127,"Texture":1}} }'),
    (4, 37, 'P\'tit biscuit, violet', 100, '{"Components": {"1":{"Drawable":127,"Texture":2}} }'),
    (4, 37, 'P\'tit biscuit, jaune', 100, '{"Components": {"1":{"Drawable":127,"Texture":3}} }'),
    (4, 37, 'Faux visage gris forêt', 100, '{"Components": {"1":{"Drawable":128,"Texture":0}} }'),
    (4, 37, 'Faux visage camo. turquoise', 100, '{"Components": {"1":{"Drawable":128,"Texture":1}} }'),
    (4, 37, 'Faux visage gros titre', 100, '{"Components": {"1":{"Drawable":128,"Texture":2}} }'),
    (4, 37, 'Faux visage éclats', 100, '{"Components": {"1":{"Drawable":128,"Texture":3}} }'),
    (4, 37, 'Faux visage marron pixels', 100, '{"Components": {"1":{"Drawable":128,"Texture":4}} }'),
    (4, 37, 'Faux visage rayé camo. forêt', 100, '{"Components": {"1":{"Drawable":128,"Texture":5}} }'),
    (4, 37, 'Faux visage camo. forêt pavés', 100, '{"Components": {"1":{"Drawable":128,"Texture":6}} }'),
    (4, 37, 'Faux visage soleil levant', 100, '{"Components": {"1":{"Drawable":128,"Texture":7}} }'),
    (4, 37, 'Faux visage opéra', 100, '{"Components": {"1":{"Drawable":128,"Texture":8}} }'),
    (4, 37, 'Faux visage patriotique', 100, '{"Components": {"1":{"Drawable":128,"Texture":9}} }'),
    (4, 37, 'Faux visage vert à motif', 100, '{"Components": {"1":{"Drawable":128,"Texture":10}} }'),
    (4, 37, 'Faux visage gothique', 100, '{"Components": {"1":{"Drawable":128,"Texture":11}} }'),
    (4, 37, 'Faux visage vert', 100, '{"Components": {"1":{"Drawable":128,"Texture":12}} }'),
    (4, 37, 'Faux visage orange', 100, '{"Components": {"1":{"Drawable":128,"Texture":13}} }'),
    (4, 37, 'Faux visage mauve', 100, '{"Components": {"1":{"Drawable":128,"Texture":14}} }'),
    (4, 37, 'Faux visage rose', 100, '{"Components": {"1":{"Drawable":128,"Texture":15}} }'),
    (4, 37, 'Masque à gaz gris', 100, '{"Components": {"1":{"Drawable":129,"Texture":0}} }'),
    (4, 37, 'Masque à gaz carbone', 100, '{"Components": {"1":{"Drawable":129,"Texture":1}} }'),
    (4, 37, 'Masque à gaz beige pixels', 100, '{"Components": {"1":{"Drawable":129,"Texture":2}} }'),
    (4, 37, 'Masque à gaz camo. turq.', 100, '{"Components": {"1":{"Drawable":129,"Texture":3}} }'),
    (4, 37, 'Masque à gaz éclats', 100, '{"Components": {"1":{"Drawable":129,"Texture":4}} }'),
    (4, 37, 'Masque à gaz éclats gris', 100, '{"Components": {"1":{"Drawable":129,"Texture":5}} }'),
    (4, 37, 'Masque à gaz gris rayé', 100, '{"Components": {"1":{"Drawable":129,"Texture":6}} }'),
    (4, 37, 'Masque à gaz rayures v. mousse', 100, '{"Components": {"1":{"Drawable":129,"Texture":7}} }'),
    (4, 37, 'Masque à gaz camo. pêche', 100, '{"Components": {"1":{"Drawable":129,"Texture":8}} }'),
    (4, 37, 'Masque à gaz forêt pixels', 100, '{"Components": {"1":{"Drawable":129,"Texture":9}} }'),
    (4, 37, 'Masque à gaz crâne', 100, '{"Components": {"1":{"Drawable":129,"Texture":10}} }'),
    (4, 37, 'Masque à gaz industriel blanc', 100, '{"Components": {"1":{"Drawable":129,"Texture":11}} }'),
    (4, 37, 'Masque à gaz industriel jaune', 100, '{"Components": {"1":{"Drawable":129,"Texture":12}} }'),
    (4, 37, 'Masque à gaz industriel orange', 100, '{"Components": {"1":{"Drawable":129,"Texture":13}} }'),
    (4, 37, 'Masque à gaz vert', 100, '{"Components": {"1":{"Drawable":129,"Texture":14}} }'),
    (4, 37, 'Masque à gaz marron', 100, '{"Components": {"1":{"Drawable":129,"Texture":15}} }'),
    (4, 37, 'Masque à gaz mauve', 100, '{"Components": {"1":{"Drawable":129,"Texture":16}} }'),
    (4, 37, 'Masque à gaz rose', 100, '{"Components": {"1":{"Drawable":129,"Texture":17}} }'),
    (4, 37, 'Respirateur noir', 100, '{"Components": {"1":{"Drawable":130,"Texture":0}} }'),
    (4, 37, 'Respirateur camouflage', 100, '{"Components": {"1":{"Drawable":130,"Texture":1}} }'),
    (4, 37, 'Respirateur gris pixels', 100, '{"Components": {"1":{"Drawable":130,"Texture":2}} }'),
    (4, 37, 'Respirateur camo. turquoise', 100, '{"Components": {"1":{"Drawable":130,"Texture":3}} }'),
    (4, 37, 'Respirateur éclats', 100, '{"Components": {"1":{"Drawable":130,"Texture":4}} }'),
    (4, 37, 'Respirateur éclats gris', 100, '{"Components": {"1":{"Drawable":130,"Texture":5}} }'),
    (4, 37, 'Respirateur tigré', 100, '{"Components": {"1":{"Drawable":130,"Texture":6}} }'),
    (4, 37, 'Respirateur rayures v. mousse', 100, '{"Components": {"1":{"Drawable":130,"Texture":7}} }'),
    (4, 37, 'Respirateur vert pixels', 100, '{"Components": {"1":{"Drawable":130,"Texture":8}} }'),
    (4, 37, 'Respirateur pinceau', 100, '{"Components": {"1":{"Drawable":130,"Texture":9}} }'),
    (4, 37, 'Respirateur gris forêt', 100, '{"Components": {"1":{"Drawable":130,"Texture":10}} }'),
    (4, 37, 'Respirateur pavés', 100, '{"Components": {"1":{"Drawable":130,"Texture":11}} }'),
    (4, 37, 'Respirateur camo. contraste', 100, '{"Components": {"1":{"Drawable":130,"Texture":12}} }'),
    (4, 37, 'Respirateur vipère', 100, '{"Components": {"1":{"Drawable":130,"Texture":13}} }'),
    (4, 37, 'Respirateur quadrillé', 100, '{"Components": {"1":{"Drawable":130,"Texture":14}} }'),
    (4, 37, 'Respirateur vert', 100, '{"Components": {"1":{"Drawable":130,"Texture":15}} }'),
    (4, 37, 'Respirateur marron', 100, '{"Components": {"1":{"Drawable":130,"Texture":16}} }'),
    (4, 37, 'Respirateur mauve', 100, '{"Components": {"1":{"Drawable":130,"Texture":17}} }'),
    (4, 37, 'Respirateur rose', 100, '{"Components": {"1":{"Drawable":130,"Texture":18}} }'),
    (4, 33, 'Krampus odieux', 100, '{"Components": {"1":{"Drawable":131,"Texture":0}} }'),
    (4, 33, 'Krampus odieux 1', 100, '{"Components": {"1":{"Drawable":131,"Texture":1}} }'),
    (4, 33, 'Krampus odieux 2', 100, '{"Components": {"1":{"Drawable":131,"Texture":2}} }'),
    (4, 33, 'Krampus odieux 3', 100, '{"Components": {"1":{"Drawable":131,"Texture":3}} }'),
    (4, 37, 'Hockey Bigness SN sombre', 100, '{"Components": {"1":{"Drawable":133,"Texture":0}} }'),
    (4, 37, 'Hockey Bigness SN bleu', 100, '{"Components": {"1":{"Drawable":133,"Texture":1}} }'),
    (4, 37, 'Hockey Bigness SN clair', 100, '{"Components": {"1":{"Drawable":133,"Texture":2}} }'),
    (4, 37, 'Hockey Bigness SN mauve', 100, '{"Components": {"1":{"Drawable":133,"Texture":3}} }'),
    (4, 37, 'Hockey camouflage sombre', 100, '{"Components": {"1":{"Drawable":133,"Texture":4}} }'),
    (4, 37, 'Hockey camouflage clair', 100, '{"Components": {"1":{"Drawable":133,"Texture":5}} }'),
    (4, 37, 'Hockey camouflage mauve', 100, '{"Components": {"1":{"Drawable":133,"Texture":6}} }'),
    (4, 37, 'Hockey camouflage forêt', 100, '{"Components": {"1":{"Drawable":133,"Texture":7}} }'),
    (4, 37, 'Hockey abstrait', 100, '{"Components": {"1":{"Drawable":133,"Texture":8}} }'),
    (4, 37, 'Hockey géométrique', 100, '{"Components": {"1":{"Drawable":133,"Texture":9}} }'),
    (4, 37, 'Hockey bleu pixels', 100, '{"Components": {"1":{"Drawable":133,"Texture":10}} }'),
    (4, 37, 'Hockey gris pixels', 100, '{"Components": {"1":{"Drawable":133,"Texture":11}} }'),
    (4, 37, 'Hockey zébré', 100, '{"Components": {"1":{"Drawable":133,"Texture":12}} }'),
    (4, 37, 'Hockey Bigness SN losanges', 100, '{"Components": {"1":{"Drawable":133,"Texture":13}} }'),
    (4, 37, 'Hockey léopard', 100, '{"Components": {"1":{"Drawable":133,"Texture":14}} }'),
    (4, 37, 'Hockey beige', 100, '{"Components": {"1":{"Drawable":133,"Texture":15}} }'),
    (4, 37, 'Hockey orange', 100, '{"Components": {"1":{"Drawable":133,"Texture":16}} }'),
    (4, 38, 'Casque spatial blanc', 250, '{"Components": {"1":{"Drawable":135,"Texture":0}} }'),
    (4, 38, 'Casque spatial gris', 250, '{"Components": {"1":{"Drawable":135,"Texture":1}} }'),
    (4, 38, 'Casque spatial rouge', 250, '{"Components": {"1":{"Drawable":135,"Texture":2}} }'),
    (4, 38, 'Casque spatial sable', 250, '{"Components": {"1":{"Drawable":135,"Texture":3}} }'),
    (4, 38, 'Casque spatial bleu', 250, '{"Components": {"1":{"Drawable":135,"Texture":4}} }'),
    (4, 38, 'Casque spatial vert forêt', 250, '{"Components": {"1":{"Drawable":135,"Texture":5}} }'),
    (4, 38, 'Casque spatial noir', 250, '{"Components": {"1":{"Drawable":135,"Texture":6}} }'),
    (4, 38, 'Casque spatial jaune', 250, '{"Components": {"1":{"Drawable":135,"Texture":7}} }'),
    (4, 38, 'Casque spatial désert', 250, '{"Components": {"1":{"Drawable":135,"Texture":8}} }'),
    (4, 38, 'Casque spatial fuchsia', 250, '{"Components": {"1":{"Drawable":135,"Texture":9}} }'),
    (4, 38, 'Casque spatial vert', 250, '{"Components": {"1":{"Drawable":135,"Texture":10}} }'),
    (4, 38, 'Casque spatial marron', 250, '{"Components": {"1":{"Drawable":135,"Texture":11}} }'),
    (4, 38, 'Casque spatial mauve', 250, '{"Components": {"1":{"Drawable":135,"Texture":12}} }'),
    (4, 38, 'Casque spatial rose', 250, '{"Components": {"1":{"Drawable":135,"Texture":13}} }'),
    (4, 33, 'Bec funeste marron clair', 100, '{"Components": {"1":{"Drawable":136,"Texture":0}} }'),
    (4, 33, 'Bec funeste blanc', 100, '{"Components": {"1":{"Drawable":136,"Texture":1}} }'),
    (4, 33, 'Bec funeste noir', 100, '{"Components": {"1":{"Drawable":136,"Texture":2}} }'),
    (4, 33, 'Bec funeste croix rouge', 100, '{"Components": {"1":{"Drawable":136,"Texture":3}} }'),
    (4, 33, 'Bec funeste camo. vert', 100, '{"Components": {"1":{"Drawable":136,"Texture":4}} }'),
    (4, 33, 'Bec funeste camo. bleu', 100, '{"Components": {"1":{"Drawable":136,"Texture":5}} }'),
    (4, 33, 'Bec funeste camo. beige', 100, '{"Components": {"1":{"Drawable":136,"Texture":6}} }'),
    (4, 33, 'Bec funeste quadrillé', 100, '{"Components": {"1":{"Drawable":136,"Texture":7}} }'),
    (4, 33, 'Bec funeste éclats', 100, '{"Components": {"1":{"Drawable":136,"Texture":8}} }'),
    (4, 33, 'Bec funeste plumes rouges', 100, '{"Components": {"1":{"Drawable":136,"Texture":9}} }'),
    (4, 33, 'Bec funeste noir et blanc', 100, '{"Components": {"1":{"Drawable":136,"Texture":10}} }'),
    (4, 33, 'Bec funeste gris cendre', 100, '{"Components": {"1":{"Drawable":136,"Texture":11}} }'),
    (4, 33, 'Bec funeste noir et jaune', 100, '{"Components": {"1":{"Drawable":136,"Texture":12}} }'),
    (4, 33, 'Bec funeste rouge et blanc', 100, '{"Components": {"1":{"Drawable":136,"Texture":13}} }'),
    (4, 33, 'Bec funeste marron et blanc', 100, '{"Components": {"1":{"Drawable":136,"Texture":14}} }'),
    (4, 33, 'Bec funeste marron et jaune', 100, '{"Components": {"1":{"Drawable":136,"Texture":15}} }'),
    (4, 33, 'Pisteur vert', 100, '{"Components": {"1":{"Drawable":137,"Texture":0}} }'),
    (4, 33, 'Pisteur marron', 100, '{"Components": {"1":{"Drawable":137,"Texture":1}} }'),
    (4, 33, 'Pisteur mauve', 100, '{"Components": {"1":{"Drawable":137,"Texture":2}} }'),
    (4, 33, 'Pisteur rouge', 100, '{"Components": {"1":{"Drawable":137,"Texture":3}} }'),
    (4, 33, 'Pisteur noir', 100, '{"Components": {"1":{"Drawable":137,"Texture":4}} }'),
    (4, 33, 'Pisteur étoiles', 100, '{"Components": {"1":{"Drawable":137,"Texture":5}} }'),
    (4, 33, 'Pisteur camo. marron', 100, '{"Components": {"1":{"Drawable":137,"Texture":6}} }'),
    (4, 33, 'Pisteur camo. vert', 100, '{"Components": {"1":{"Drawable":137,"Texture":7}} }'),
    (4, 33, 'Pillard orange', 100, '{"Components": {"1":{"Drawable":138,"Texture":0}} }'),
    (4, 33, 'Pillard chocolat', 100, '{"Components": {"1":{"Drawable":138,"Texture":1}} }'),
    (4, 33, 'Pillard marron', 100, '{"Components": {"1":{"Drawable":138,"Texture":2}} }'),
    (4, 33, 'Pillard rouge', 100, '{"Components": {"1":{"Drawable":138,"Texture":3}} }'),
    (4, 33, 'Pillard beige', 100, '{"Components": {"1":{"Drawable":138,"Texture":4}} }'),
    (4, 33, 'Pillard orange vif', 100, '{"Components": {"1":{"Drawable":138,"Texture":5}} }'),
    (4, 33, 'Pillard bleu', 100, '{"Components": {"1":{"Drawable":138,"Texture":6}} }'),
    (4, 33, 'Pillard gris', 100, '{"Components": {"1":{"Drawable":138,"Texture":7}} }'),
    (4, 33, 'Pillard vert', 100, '{"Components": {"1":{"Drawable":138,"Texture":8}} }'),
    (4, 33, 'Pillard camo. marron', 100, '{"Components": {"1":{"Drawable":138,"Texture":9}} }'),
    (4, 33, 'Pillard rouge et gris', 100, '{"Components": {"1":{"Drawable":138,"Texture":10}} }'),
    (4, 33, 'Pillard orange et gris', 100, '{"Components": {"1":{"Drawable":138,"Texture":11}} }'),
    (4, 33, 'Envahisseur vert', 100, '{"Components": {"1":{"Drawable":139,"Texture":0}} }'),
    (4, 33, 'Envahisseur rouge à tâches', 100, '{"Components": {"1":{"Drawable":139,"Texture":1}} }'),
    (4, 33, 'Envahisseur blanc', 100, '{"Components": {"1":{"Drawable":139,"Texture":2}} }'),
    (4, 33, 'Envahisseur bleu, cerveau jaune', 100, '{"Components": {"1":{"Drawable":139,"Texture":3}} }'),
    (4, 33, 'Envahisseur mauve', 100, '{"Components": {"1":{"Drawable":139,"Texture":4}} }'),
    (4, 33, 'Envahisseur hypno. vert', 100, '{"Components": {"1":{"Drawable":139,"Texture":5}} }'),
    (4, 33, 'Envahisseur hypno. bleu', 100, '{"Components": {"1":{"Drawable":139,"Texture":6}} }'),
    (4, 33, 'Envahisseur bleu, cerveau rose', 100, '{"Components": {"1":{"Drawable":139,"Texture":7}} }'),
    (4, 33, 'Envahisseur marron', 100, '{"Components": {"1":{"Drawable":139,"Texture":8}} }'),
    (4, 33, 'Envahisseur bleu clair', 100, '{"Components": {"1":{"Drawable":139,"Texture":9}} }'),
    (4, 33, 'Envahisseur blanc, cerveau vert', 100, '{"Components": {"1":{"Drawable":139,"Texture":10}} }'),
    (4, 33, 'Envahisseur vert', 100, '{"Components": {"1":{"Drawable":139,"Texture":11}} }'),
    (4, 33, 'Cyclope jaune, oeil bleu', 100, '{"Components": {"1":{"Drawable":140,"Texture":0}} }'),
    (4, 33, 'Cyclope orange, oeil jaune', 100, '{"Components": {"1":{"Drawable":140,"Texture":1}} }'),
    (4, 33, 'Cyclope blanc, oeil marron', 100, '{"Components": {"1":{"Drawable":140,"Texture":2}} }'),
    (4, 33, 'Cyclope bleu, oeil bleu', 100, '{"Components": {"1":{"Drawable":140,"Texture":3}} }'),
    (4, 33, 'Cyclope mauve, oeil marron', 100, '{"Components": {"1":{"Drawable":140,"Texture":4}} }'),
    (4, 33, 'Cyclope hypno. vert', 100, '{"Components": {"1":{"Drawable":140,"Texture":5}} }'),
    (4, 33, 'Cyclope hypno. bleu', 100, '{"Components": {"1":{"Drawable":140,"Texture":6}} }'),
    (4, 33, 'Cyclope hypno. gris', 100, '{"Components": {"1":{"Drawable":140,"Texture":7}} }'),
    (4, 33, 'Cyclope rouge, oeil marron', 100, '{"Components": {"1":{"Drawable":140,"Texture":8}} }'),
    (4, 33, 'Cyclope violet, oeil violet', 100, '{"Components": {"1":{"Drawable":140,"Texture":9}} }'),
    (4, 33, 'Cyclope violet, oeil bleu', 100, '{"Components": {"1":{"Drawable":140,"Texture":10}} }'),
    (4, 33, 'Cyclope vert, oeil jaune', 100, '{"Components": {"1":{"Drawable":140,"Texture":11}} }'),
    (4, 33, 'Petit alien sable', 100, '{"Components": {"1":{"Drawable":141,"Texture":0}} }'),
    (4, 33, 'Petit alien rouge', 100, '{"Components": {"1":{"Drawable":141,"Texture":1}} }'),
    (4, 33, 'Petit alien blanc', 100, '{"Components": {"1":{"Drawable":141,"Texture":2}} }'),
    (4, 33, 'Petit alien bleu à tâches', 100, '{"Components": {"1":{"Drawable":141,"Texture":3}} }'),
    (4, 33, 'Petit alien mauve', 100, '{"Components": {"1":{"Drawable":141,"Texture":4}} }'),
    (4, 33, 'Petit alien vert', 100, '{"Components": {"1":{"Drawable":141,"Texture":5}} }'),
    (4, 33, 'Petit alien bleu', 100, '{"Components": {"1":{"Drawable":141,"Texture":6}} }'),
    (4, 33, 'Petit alien gris et jaune', 100, '{"Components": {"1":{"Drawable":141,"Texture":7}} }'),
    (4, 33, 'Petit alien noir et orange', 100, '{"Components": {"1":{"Drawable":141,"Texture":8}} }'),
    (4, 33, 'Petit alien bleu clair', 100, '{"Components": {"1":{"Drawable":141,"Texture":9}} }'),
    (4, 33, 'Petit alien jaune et blanc', 100, '{"Components": {"1":{"Drawable":141,"Texture":10}} }'),
    (4, 33, 'Petit alien noir et vert', 100, '{"Components": {"1":{"Drawable":141,"Texture":11}} }'),
    (4, 37, 'Maraudeur brun', 100, '{"Components": {"1":{"Drawable":142,"Texture":0}} }'),
    (4, 37, 'Maraudeur radioactif', 100, '{"Components": {"1":{"Drawable":142,"Texture":1}} }'),
    (4, 37, 'Maraudeur éclair', 100, '{"Components": {"1":{"Drawable":142,"Texture":2}} }'),
    (4, 37, 'Maraudeur de marque', 100, '{"Components": {"1":{"Drawable":142,"Texture":3}} }'),
    (4, 37, 'Maraudeur tête de mort', 100, '{"Components": {"1":{"Drawable":142,"Texture":4}} }'),
    (4, 37, 'Maraudeur bande rouge', 100, '{"Components": {"1":{"Drawable":142,"Texture":5}} }'),
    (4, 37, 'Maraudeur jaune', 100, '{"Components": {"1":{"Drawable":142,"Texture":6}} }'),
    (4, 37, 'Maraudeur boule 8', 100, '{"Components": {"1":{"Drawable":142,"Texture":7}} }'),
    (4, 37, 'Maraudeur flèche noir', 100, '{"Components": {"1":{"Drawable":142,"Texture":8}} }'),
    (4, 37, 'Maraudeur étoiles filantes', 100, '{"Components": {"1":{"Drawable":142,"Texture":9}} }'),
    (4, 37, 'Maraudeur belge', 100, '{"Components": {"1":{"Drawable":142,"Texture":10}} }'),
    (4, 37, 'Maraudeur noir', 100, '{"Components": {"1":{"Drawable":142,"Texture":11}} }'),
    (4, 38, 'Masque de Paco le taco', 250, '{"Components": {"1":{"Drawable":143,"Texture":0}} }'),
    (4, 38, 'Masque Burger Shot', 250, '{"Components": {"1":{"Drawable":144,"Texture":0}} }'),
    (4, 38, 'Masque Cluckin\' Bell', 250, '{"Components": {"1":{"Drawable":145,"Texture":0}} }'),
    (4, 38, 'Grand pogo', 250, '{"Components": {"1":{"Drawable":147,"Texture":0}} }'),
    (4, 38, 'Fraise', 250, '{"Components": {"1":{"Drawable":149,"Texture":0}} }'),
    (4, 38, 'Citron', 250, '{"Components": {"1":{"Drawable":150,"Texture":0}} }'),
    (4, 38, 'Framboise', 250, '{"Components": {"1":{"Drawable":151,"Texture":0}} }'),
    (4, 38, 'Ananas', 250, '{"Components": {"1":{"Drawable":152,"Texture":0}} }'),
    (4, 38, 'Cerise', 250, '{"Components": {"1":{"Drawable":153,"Texture":0}} }'),
    (4, 38, 'Lucky Seven', 250, '{"Components": {"1":{"Drawable":154,"Texture":0}} }'),
    (4, 38, 'Joker bleu', 250, '{"Components": {"1":{"Drawable":155,"Texture":0}} }'),
    (4, 38, 'Joker rouge', 250, '{"Components": {"1":{"Drawable":155,"Texture":1}} }'),
    (4, 38, 'Joker vert', 250, '{"Components": {"1":{"Drawable":155,"Texture":2}} }'),
    (4, 38, 'Joker violet', 250, '{"Components": {"1":{"Drawable":155,"Texture":3}} }'),
    (4, 38, 'Roi de coeur', 250, '{"Components": {"1":{"Drawable":156,"Texture":0}} }'),
    (4, 38, 'Roi de trèfle', 250, '{"Components": {"1":{"Drawable":156,"Texture":1}} }'),
    (4, 38, 'Roi de carreau', 250, '{"Components": {"1":{"Drawable":156,"Texture":2}} }'),
    (4, 38, 'Roi de pique', 250, '{"Components": {"1":{"Drawable":156,"Texture":3}} }'),
    (4, 38, 'Reine de pique', 250, '{"Components": {"1":{"Drawable":157,"Texture":0}} }'),
    (4, 38, 'Reine de coeur', 250, '{"Components": {"1":{"Drawable":157,"Texture":1}} }'),
    (4, 38, 'Reine de carreau', 250, '{"Components": {"1":{"Drawable":157,"Texture":2}} }'),
    (4, 38, 'Reine de trèfle', 250, '{"Components": {"1":{"Drawable":157,"Texture":3}} }'),
    (4, 38, 'Valet de pique', 250, '{"Components": {"1":{"Drawable":158,"Texture":0}} }'),
    (4, 38, 'Valet de coeur', 250, '{"Components": {"1":{"Drawable":158,"Texture":1}} }'),
    (4, 38, 'Valet de trèfle', 250, '{"Components": {"1":{"Drawable":158,"Texture":2}} }'),
    (4, 38, 'Valet de carreau', 250, '{"Components": {"1":{"Drawable":158,"Texture":3}} }'),
    (4, 38, 'As de pique', 250, '{"Components": {"1":{"Drawable":159,"Texture":0}} }'),
    (4, 38, 'As de coeur', 250, '{"Components": {"1":{"Drawable":159,"Texture":1}} }'),
    (4, 38, 'As de trèfle', 250, '{"Components": {"1":{"Drawable":159,"Texture":2}} }'),
    (4, 38, 'As de carreau', 250, '{"Components": {"1":{"Drawable":159,"Texture":3}} }'),
    (4, 33, 'Sourire de bébé', 100, '{"Components": {"1":{"Drawable":160,"Texture":0}} }'),
    (4, 33, 'Monstruosité', 100, '{"Components": {"1":{"Drawable":161,"Texture":0}} }'),
    (4, 33, 'Cochonnet', 100, '{"Components": {"1":{"Drawable":162,"Texture":0}} }'),
    (4, 33, 'Singe', 100, '{"Components": {"1":{"Drawable":163,"Texture":0}} }'),
    (4, 33, 'Sourire rassurant', 100, '{"Components": {"1":{"Drawable":164,"Texture":0}} }'),
    (4, 33, 'Lapin duveteux', 100, '{"Components": {"1":{"Drawable":165,"Texture":0}} }'),
    (4, 35, 'Respirateur noir', 100, '{"Components": {"1":{"Drawable":166,"Texture":0}} }'),
    (4, 35, 'Respirateur jaune', 100, '{"Components": {"1":{"Drawable":166,"Texture":1}} }'),
    (4, 35, 'Respirateur bleu', 100, '{"Components": {"1":{"Drawable":166,"Texture":2}} }'),
    (4, 35, 'Respirateur orange', 100, '{"Components": {"1":{"Drawable":166,"Texture":3}} }'),
    (4, 37, 'Sniper', 100, '{"Components": {"1":{"Drawable":167,"Texture":0}} }'),
    (4, 33, 'À nu', 100, '{"Components": {"1":{"Drawable":168,"Texture":0}} }'),
    (4, 36, 'Renard géométrique', 200, '{"Components": {"1":{"Drawable":171,"Texture":0}} }'),
    (4, 36, 'Chat roux/blanc géométrique', 200, '{"Components": {"1":{"Drawable":172,"Texture":0}} }'),
    (4, 36, 'Chat gris/blanc géométrique', 200, '{"Components": {"1":{"Drawable":172,"Texture":1}} }'),
    (4, 36, 'Chat noir/blanc géométrique', 200, '{"Components": {"1":{"Drawable":172,"Texture":2}} }'),
    (4, 36, 'Cochon géométrique', 200, '{"Components": {"1":{"Drawable":173,"Texture":0}} }'),
    (4, 37, 'Cagoule cuir gris et rouge', 100, '{"Components": {"1":{"Drawable":174,"Texture":0}} }'),
    (4, 37, 'Cagoule cuir cendre et blanc', 100, '{"Components": {"1":{"Drawable":174,"Texture":1}} }'),
    (4, 37, 'Cagoule cuir gris et blanc', 100, '{"Components": {"1":{"Drawable":174,"Texture":2}} }'),
    (4, 37, 'Cagoule cuir rouge usé', 100, '{"Components": {"1":{"Drawable":174,"Texture":3}} }'),
    (4, 37, 'Cagoule cuir jaune usé', 100, '{"Components": {"1":{"Drawable":174,"Texture":4}} }'),
    (4, 37, 'Cagoule cuir vert usé', 100, '{"Components": {"1":{"Drawable":174,"Texture":5}} }'),
    (4, 37, 'Cagoule cuir volutes noires', 100, '{"Components": {"1":{"Drawable":174,"Texture":6}} }'),
    (4, 37, 'Cagoule cuir volutes rouges', 100, '{"Components": {"1":{"Drawable":174,"Texture":7}} }'),
    (4, 37, 'Cagoule cuir volutes jaunes', 100, '{"Components": {"1":{"Drawable":174,"Texture":8}} }'),
    (4, 37, 'Cagoule cuir pâle', 100, '{"Components": {"1":{"Drawable":174,"Texture":9}} }'),
    (4, 37, 'Cagoule cuir lèvres rouges', 100, '{"Components": {"1":{"Drawable":174,"Texture":10}} }'),
    (4, 37, 'Cagoule cuir gris foncé', 100, '{"Components": {"1":{"Drawable":174,"Texture":11}} }'),
    (4, 37, 'Cagoule cuir rouge', 100, '{"Components": {"1":{"Drawable":174,"Texture":12}} }'),
    (4, 37, 'Cagoule cuir cyan', 100, '{"Components": {"1":{"Drawable":174,"Texture":13}} }'),
    (4, 37, 'Cagoule cuir rose foncé', 100, '{"Components": {"1":{"Drawable":174,"Texture":14}} }'),
    (4, 37, 'Cagoule cuir vert', 100, '{"Components": {"1":{"Drawable":174,"Texture":15}} }'),
    (4, 37, 'Cagoule cuir pêche', 100, '{"Components": {"1":{"Drawable":174,"Texture":16}} }'),
    (4, 37, 'Cagoule cuir mauve', 100, '{"Components": {"1":{"Drawable":174,"Texture":17}} }'),
    (4, 37, 'Cagoule cuir rose pâle', 100, '{"Components": {"1":{"Drawable":174,"Texture":18}} }'),
    (4, 37, 'Cagoule cuir ocre brun', 100, '{"Components": {"1":{"Drawable":174,"Texture":19}} }'),
    (4, 37, 'Cagoule cuir bleu ancien', 100, '{"Components": {"1":{"Drawable":174,"Texture":20}} }'),
    (4, 37, 'Cagoule cuir gris', 100, '{"Components": {"1":{"Drawable":174,"Texture":21}} }'),
    (4, 37, 'Cagoule cuir blanc cassé', 100, '{"Components": {"1":{"Drawable":174,"Texture":22}} }'),
    (4, 37, 'Cagoule cuir blanc', 100, '{"Components": {"1":{"Drawable":174,"Texture":23}} }'),
    (4, 37, 'Cagoule cuir grège', 100, '{"Components": {"1":{"Drawable":174,"Texture":24}} }'),
    (4, 38, 'Respirateur doré', 250, '{"Components": {"1":{"Drawable":175,"Texture":0}} }'),
    (4, 38, 'Respirateur orange', 250, '{"Components": {"1":{"Drawable":175,"Texture":1}} }'),
    (4, 38, 'Respirateur visière verte', 250, '{"Components": {"1":{"Drawable":175,"Texture":2}} }'),
    (4, 38, 'Respirateur visière jaune', 250, '{"Components": {"1":{"Drawable":175,"Texture":3}} }'),
    (4, 36, 'Chien doré géométrique', 200, '{"Components": {"1":{"Drawable":176,"Texture":0}} }'),
    (4, 36, 'Chien blanc géométrique', 200, '{"Components": {"1":{"Drawable":176,"Texture":1}} }'),
    (4, 36, 'Chien marron géométrique', 200, '{"Components": {"1":{"Drawable":176,"Texture":2}} }'),
    (4, 36, 'Chien gris géométrique', 200, '{"Components": {"1":{"Drawable":176,"Texture":3}} }'),
    (4, 37, 'Cuir gris et rouge', 100, '{"Components": {"1":{"Drawable":178,"Texture":0}} }'),
    (4, 37, 'Cuir cendre et blanc', 100, '{"Components": {"1":{"Drawable":178,"Texture":1}} }'),
    (4, 37, 'Cuir gris et blanc', 100, '{"Components": {"1":{"Drawable":178,"Texture":2}} }'),
    (4, 37, 'Cuir rouge usé', 100, '{"Components": {"1":{"Drawable":178,"Texture":3}} }'),
    (4, 37, 'Cuir jaune usé', 100, '{"Components": {"1":{"Drawable":178,"Texture":4}} }'),
    (4, 37, 'Cuir vert usé', 100, '{"Components": {"1":{"Drawable":178,"Texture":5}} }'),
    (4, 37, 'Cuir vol. noires', 100, '{"Components": {"1":{"Drawable":178,"Texture":6}} }'),
    (4, 37, 'Cuir vol. rouges', 100, '{"Components": {"1":{"Drawable":178,"Texture":7}} }'),
    (4, 37, 'Cuir vol. jaunes', 100, '{"Components": {"1":{"Drawable":178,"Texture":8}} }'),
    (4, 37, 'Cuir pâle', 100, '{"Components": {"1":{"Drawable":178,"Texture":9}} }'),
    (4, 37, 'Cuir lèvres rouges', 100, '{"Components": {"1":{"Drawable":178,"Texture":10}} }'),
    (4, 37, 'Cuir gris foncé', 100, '{"Components": {"1":{"Drawable":178,"Texture":11}} }'),
    (4, 37, 'Cuir rouge', 100, '{"Components": {"1":{"Drawable":178,"Texture":12}} }'),
    (4, 37, 'Cuir cyan', 100, '{"Components": {"1":{"Drawable":178,"Texture":13}} }'),
    (4, 37, 'Cuir rose foncé', 100, '{"Components": {"1":{"Drawable":178,"Texture":14}} }'),
    (4, 37, 'Cuir vert', 100, '{"Components": {"1":{"Drawable":178,"Texture":15}} }'),
    (4, 37, 'Cuir pêche', 100, '{"Components": {"1":{"Drawable":178,"Texture":16}} }'),
    (4, 37, 'Cuir mauve', 100, '{"Components": {"1":{"Drawable":178,"Texture":17}} }'),
    (4, 37, 'Cuir role pâle', 100, '{"Components": {"1":{"Drawable":178,"Texture":18}} }'),
    (4, 37, 'Cuir ocre brun', 100, '{"Components": {"1":{"Drawable":178,"Texture":19}} }'),
    (4, 37, 'Cuir bleu ancien', 100, '{"Components": {"1":{"Drawable":178,"Texture":20}} }'),
    (4, 37, 'Cuir gris', 100, '{"Components": {"1":{"Drawable":178,"Texture":21}} }'),
    (4, 37, 'Cuir blanc cassé', 100, '{"Components": {"1":{"Drawable":178,"Texture":22}} }'),
    (4, 37, 'Cuir blanc', 100, '{"Components": {"1":{"Drawable":178,"Texture":23}} }'),
    (4, 37, 'Cuir grège', 100, '{"Components": {"1":{"Drawable":178,"Texture":24}} }'),
    (4, 37, 'Smiley sourire', 100, '{"Components": {"1":{"Drawable":179,"Texture":0}} }'),
    (4, 37, 'Smiley pleurs', 100, '{"Components": {"1":{"Drawable":179,"Texture":1}} }'),
    (4, 37, 'Smiley rire', 100, '{"Components": {"1":{"Drawable":179,"Texture":2}} }'),
    (4, 37, 'Smiley grimace', 100, '{"Components": {"1":{"Drawable":179,"Texture":3}} }'),
    (4, 37, 'Smiley amour', 100, '{"Components": {"1":{"Drawable":179,"Texture":4}} }'),
    (4, 37, 'Smiley bisou', 100, '{"Components": {"1":{"Drawable":179,"Texture":5}} }'),
    (4, 37, 'Smiley exclamation', 100, '{"Components": {"1":{"Drawable":179,"Texture":6}} }'),
    (4, 37, 'Smiley clin d\'oeil', 100, '{"Components": {"1":{"Drawable":179,"Texture":7}} }'),
    (4, 33, 'Alien jaune', 100, '{"Components": {"1":{"Drawable":180,"Texture":0}} }'),
    (4, 33, 'Alien rouge à tâches', 100, '{"Components": {"1":{"Drawable":180,"Texture":1}} }'),
    (4, 33, 'Alien gris', 100, '{"Components": {"1":{"Drawable":180,"Texture":2}} }'),
    (4, 33, 'Alien bleu', 100, '{"Components": {"1":{"Drawable":180,"Texture":3}} }'),
    (4, 33, 'Alien mauve', 100, '{"Components": {"1":{"Drawable":180,"Texture":4}} }'),
    (4, 33, 'Alien vert clair', 100, '{"Components": {"1":{"Drawable":180,"Texture":5}} }'),
    (4, 33, 'Alien bleu à tâches', 100, '{"Components": {"1":{"Drawable":180,"Texture":6}} }'),
    (4, 33, 'Alien bleu turquoise', 100, '{"Components": {"1":{"Drawable":180,"Texture":7}} }'),
    (4, 33, 'Alien marron', 100, '{"Components": {"1":{"Drawable":180,"Texture":8}} }'),
    (4, 33, 'Alien bleu clair', 100, '{"Components": {"1":{"Drawable":180,"Texture":9}} }'),
    (4, 33, 'Alien albinos', 100, '{"Components": {"1":{"Drawable":180,"Texture":10}} }'),
    (4, 33, 'Alien vert à tâches', 100, '{"Components": {"1":{"Drawable":180,"Texture":11}} }'),
    (4, 33, 'Alien préhistorique', 100, '{"Components": {"1":{"Drawable":180,"Texture":12}} }'),
    (4, 36, 'Tortue verte', 200, '{"Components": {"1":{"Drawable":181,"Texture":0}} }'),
    (4, 36, 'Tortue marron', 200, '{"Components": {"1":{"Drawable":181,"Texture":1}} }'),
    (4, 36, 'Tortue vert mousse', 200, '{"Components": {"1":{"Drawable":181,"Texture":2}} }'),
    (4, 36, 'Tortue des marais', 200, '{"Components": {"1":{"Drawable":181,"Texture":3}} }'),
    (4, 36, 'Souris blanche', 200, '{"Components": {"1":{"Drawable":182,"Texture":0}} }'),
    (4, 36, 'Souris marron', 200, '{"Components": {"1":{"Drawable":182,"Texture":1}} }'),
    (4, 36, 'Souris brun clair', 200, '{"Components": {"1":{"Drawable":182,"Texture":2}} }'),
    (4, 36, 'Souris grise', 200, '{"Components": {"1":{"Drawable":182,"Texture":3}} }'),
    (4, 37, 'Hockey sourire vert', 100, '{"Components": {"1":{"Drawable":183,"Texture":0}} }'),
    (4, 37, 'Hockey sourire marron', 100, '{"Components": {"1":{"Drawable":183,"Texture":1}} }'),
    (4, 37, 'Hockey sourire bleu', 100, '{"Components": {"1":{"Drawable":183,"Texture":2}} }'),
    (4, 37, 'Hockey sourire rose', 100, '{"Components": {"1":{"Drawable":183,"Texture":3}} }'),
    (4, 37, 'Hockey sourire pixel vert', 100, '{"Components": {"1":{"Drawable":183,"Texture":4}} }'),
    (4, 37, 'Hockey sourire pixel marron', 100, '{"Components": {"1":{"Drawable":183,"Texture":5}} }'),
    (4, 37, 'Hockey sourire pixel bleu', 100, '{"Components": {"1":{"Drawable":183,"Texture":6}} }'),
    (4, 37, 'Hockey sourire pixel rose', 100, '{"Components": {"1":{"Drawable":183,"Texture":7}} }'),
    (4, 37, 'Hockey T vert', 100, '{"Components": {"1":{"Drawable":183,"Texture":8}} }'),
    (4, 37, 'Hockey T orange', 100, '{"Components": {"1":{"Drawable":183,"Texture":9}} }'),
    (4, 37, 'Hockey T bleu', 100, '{"Components": {"1":{"Drawable":183,"Texture":10}} }'),
    (4, 37, 'Hockey T rose', 100, '{"Components": {"1":{"Drawable":183,"Texture":11}} }'),
    (4, 37, 'Hockey sourire vert', 100, '{"Components": {"1":{"Drawable":183,"Texture":12}} }'),
    (4, 37, 'Hockey sourire orange', 100, '{"Components": {"1":{"Drawable":183,"Texture":13}} }'),
    (4, 37, 'Hockey sourire bleu', 100, '{"Components": {"1":{"Drawable":183,"Texture":14}} }'),
    (4, 37, 'Hockey sourire rose', 100, '{"Components": {"1":{"Drawable":183,"Texture":15}} }'),
    (4, 36, 'Hyène marron', 200, '{"Components": {"1":{"Drawable":184,"Texture":0}} }'),
    (4, 36, 'Hyène grise', 200, '{"Components": {"1":{"Drawable":184,"Texture":1}} }'),
    (4, 36, 'Hyène grège', 200, '{"Components": {"1":{"Drawable":184,"Texture":2}} }'),
    (4, 36, 'Hyène gris foncé', 200, '{"Components": {"1":{"Drawable":184,"Texture":3}} }'),
    (4, 36, 'Cagoule tactique noire', 150, '{"Components": {"1":{"Drawable":185,"Texture":0}} }'),
    (4, 36, 'Cagoule tactique blanche', 150, '{"Components": {"1":{"Drawable":185,"Texture":1}} }'),
    (4, 36, 'Cag. tactique gris cendre', 150, '{"Components": {"1":{"Drawable":185,"Texture":2}} }'),
    (4, 36, 'Cagoule tactique rouge', 150, '{"Components": {"1":{"Drawable":185,"Texture":3}} }'),
    (4, 36, 'Cagoule tactique cramoisie', 150, '{"Components": {"1":{"Drawable":185,"Texture":4}} }'),
    (4, 36, 'Cagoule tactique crème', 150, '{"Components": {"1":{"Drawable":185,"Texture":5}} }'),
    (4, 36, 'Cag. tactique verte pixels', 150, '{"Components": {"1":{"Drawable":185,"Texture":6}} }'),
    (4, 36, 'Cag. tactique camo. marron', 150, '{"Components": {"1":{"Drawable":185,"Texture":7}} }'),
    (4, 36, 'Cagoule tactique camo. gris', 150, '{"Components": {"1":{"Drawable":185,"Texture":8}} }'),
    (4, 36, 'Cag. tactique camo. désert', 150, '{"Components": {"1":{"Drawable":185,"Texture":9}} }'),
    (4, 36, 'Cag. tactique camo. forêt', 150, '{"Components": {"1":{"Drawable":185,"Texture":10}} }'),
    (4, 36, 'Cagoule tactique camo. bleu', 150, '{"Components": {"1":{"Drawable":185,"Texture":11}} }'),
    (4, 36, 'Cag. tactique camo. grège', 150, '{"Components": {"1":{"Drawable":185,"Texture":12}} }'),
    (4, 36, 'Cagoule tactique camo. vert', 150, '{"Components": {"1":{"Drawable":185,"Texture":13}} }'),
    (4, 36, 'Cag. tactique camo. beige', 150, '{"Components": {"1":{"Drawable":185,"Texture":14}} }'),
    (4, 36, 'Cagoule tactique rouille', 150, '{"Components": {"1":{"Drawable":185,"Texture":15}} }'),
    (4, 36, 'Cagoule tactique bleue', 150, '{"Components": {"1":{"Drawable":185,"Texture":16}} }'),
    (4, 36, 'Cagoule tactique jaune', 150, '{"Components": {"1":{"Drawable":185,"Texture":17}} }'),
    (4, 36, 'Cagoule tactique verte', 150, '{"Components": {"1":{"Drawable":185,"Texture":18}} }'),
    (4, 36, 'Cagoule tactique rose', 150, '{"Components": {"1":{"Drawable":185,"Texture":19}} }'),
    (4, 36, 'Cagoule tactique v. mousse', 150, '{"Components": {"1":{"Drawable":185,"Texture":20}} }'),
    (4, 36, 'Cag. tact. verte tachée ', 150, '{"Components": {"1":{"Drawable":185,"Texture":21}} }'),
    (4, 36, 'Cag. tactique mauve tachée', 150, '{"Components": {"1":{"Drawable":185,"Texture":22}} }'),
    (4, 36, 'Cag. tactique verte éclats', 150, '{"Components": {"1":{"Drawable":185,"Texture":23}} }'),
    (4, 36, 'Cagoule tactique violette', 150, '{"Components": {"1":{"Drawable":185,"Texture":24}} }'),
    (4, 36, 'Cagoule tactique camo. rose', 150, '{"Components": {"1":{"Drawable":185,"Texture":25}} }'),
    (4, 35, 'Masque logo Bigness noir', 100, '{"Components": {"1":{"Drawable":186,"Texture":0}} }'),
    (4, 35, 'Masque logo Bigness jaune', 100, '{"Components": {"1":{"Drawable":186,"Texture":1}} }'),
    (4, 35, 'Masque logo VDG jaune', 100, '{"Components": {"1":{"Drawable":186,"Texture":2}} }'),
    (4, 35, 'Masque VDG gris', 100, '{"Components": {"1":{"Drawable":186,"Texture":3}} }'),
    (4, 35, 'Masque jaune à motifs', 100, '{"Components": {"1":{"Drawable":186,"Texture":4}} }'),
    (4, 35, 'Masque noir à motifs', 100, '{"Components": {"1":{"Drawable":186,"Texture":5}} }'),
    (4, 35, 'Masque Trickster jaune', 100, '{"Components": {"1":{"Drawable":186,"Texture":6}} }'),
    (4, 35, 'Masque Trickster noir', 100, '{"Components": {"1":{"Drawable":186,"Texture":7}} }'),
    (4, 35, 'Masque camo. jaune', 100, '{"Components": {"1":{"Drawable":186,"Texture":8}} }'),
    (4, 37, 'Motif grotesque marron', 100, '{"Components": {"1":{"Drawable":188,"Texture":0}} }'),
    (4, 37, 'Motif grotesque bleu', 100, '{"Components": {"1":{"Drawable":188,"Texture":1}} }'),
    (4, 37, 'Motif flammes rouges', 100, '{"Components": {"1":{"Drawable":188,"Texture":2}} }'),
    (4, 37, 'Motif flammes bleues', 100, '{"Components": {"1":{"Drawable":188,"Texture":3}} }'),
    (4, 37, 'Motif île', 100, '{"Components": {"1":{"Drawable":188,"Texture":4}} }'),
    (4, 37, 'Motif empreinte de main', 100, '{"Components": {"1":{"Drawable":188,"Texture":5}} }'),
    (4, 37, 'Motif sourire vert', 100, '{"Components": {"1":{"Drawable":188,"Texture":6}} }'),
    (4, 37, 'Motif sourire rouge', 100, '{"Components": {"1":{"Drawable":188,"Texture":7}} }'),
    (4, 37, 'Motif sourire jaune', 100, '{"Components": {"1":{"Drawable":188,"Texture":8}} }'),
    (4, 37, 'Motif tribal rouge', 100, '{"Components": {"1":{"Drawable":188,"Texture":9}} }'),
    (4, 37, 'Motif tribal blanc', 100, '{"Components": {"1":{"Drawable":188,"Texture":10}} }'),
    (4, 37, 'Motif tribal noir', 100, '{"Components": {"1":{"Drawable":188,"Texture":11}} }'),
    (4, 33, 'Crâne à cornes blanc', 100, '{"Components": {"1":{"Drawable":190,"Texture":0}} }'),
    (4, 33, 'Crâne à cornes sombre', 100, '{"Components": {"1":{"Drawable":190,"Texture":1}} }'),
    (4, 33, 'Crâne à cornes vieilli', 100, '{"Components": {"1":{"Drawable":190,"Texture":2}} }'),
    (4, 33, 'Crâne à cornes buriné', 100, '{"Components": {"1":{"Drawable":190,"Texture":3}} }'),
    (4, 33, 'Barbelé rapiécé orange', 100, '{"Components": {"1":{"Drawable":191,"Texture":0}} }'),
    (4, 33, 'Barbelé rapiécé rouge', 100, '{"Components": {"1":{"Drawable":191,"Texture":1}} }'),
    (4, 33, 'Barbelé rapiécé blanc', 100, '{"Components": {"1":{"Drawable":191,"Texture":2}} }'),
    (4, 33, 'Barbelé rapiécé jaune', 100, '{"Components": {"1":{"Drawable":191,"Texture":3}} }'),
    (4, 33, 'Crâne à pointes uni', 100, '{"Components": {"1":{"Drawable":192,"Texture":0}} }'),
    (4, 33, 'Crâne à pointes chair', 100, '{"Components": {"1":{"Drawable":192,"Texture":1}} }'),
    (4, 33, 'Crâne à pointes vert mousse', 100, '{"Components": {"1":{"Drawable":192,"Texture":2}} }'),
    (4, 33, 'Crâne à pointes sombre', 100, '{"Components": {"1":{"Drawable":192,"Texture":3}} }'),
    (4, 36, 'Grizzly', 200, '{"Components": {"1":{"Drawable":193,"Texture":0}} }'),
    (4, 36, 'Poisson-rouge orange', 200, '{"Components": {"1":{"Drawable":195,"Texture":0}} }'),
    (4, 36, 'Poisson-rouge violet', 200, '{"Components": {"1":{"Drawable":195,"Texture":1}} }'),
    (4, 36, 'Poisson-rouge bronze', 200, '{"Components": {"1":{"Drawable":195,"Texture":2}} }'),
    (4, 36, 'Poisson-clown', 200, '{"Components": {"1":{"Drawable":195,"Texture":3}} }'),
    (4, 36, 'Goéland juvénile', 200, '{"Components": {"1":{"Drawable":196,"Texture":0}} }'),
    (4, 36, 'Goéland fuligineux', 200, '{"Components": {"1":{"Drawable":196,"Texture":1}} }'),
    (4, 36, 'Goéland à tête noire', 200, '{"Components": {"1":{"Drawable":196,"Texture":2}} }'),
    (4, 36, 'Goéland argenté', 200, '{"Components": {"1":{"Drawable":196,"Texture":3}} }'),
    (4, 36, 'Lion de mer marron', 200, '{"Components": {"1":{"Drawable":197,"Texture":0}} }'),
    (4, 36, 'Lion de mer noir', 200, '{"Components": {"1":{"Drawable":197,"Texture":1}} }'),
    (4, 36, 'Lion de mer tâché', 200, '{"Components": {"1":{"Drawable":197,"Texture":2}} }'),
    (4, 36, 'Lion de mer gris', 200, '{"Components": {"1":{"Drawable":197,"Texture":3}} }'),
    (4, 33, 'Ent souriant', 100, '{"Components": {"1":{"Drawable":198,"Texture":0}} }'),
    (4, 33, 'Vampire classique', 100, '{"Components": {"1":{"Drawable":199,"Texture":0}} }'),
    (4, 33, 'Vampire vintage', 100, '{"Components": {"1":{"Drawable":199,"Texture":1}} }'),
    (4, 33, 'Vampire jaune', 100, '{"Components": {"1":{"Drawable":199,"Texture":2}} }'),
    (4, 37, 'Masque ensanglantée', 100, '{"Components": {"1":{"Drawable":201,"Texture":0}} }'),
    (4, 33, 'Ent maléfique', 100, '{"Components": {"1":{"Drawable":202,"Texture":0}} }'),
    (4, 36, 'Tigre de Sibérie', 200, '{"Components": {"1":{"Drawable":203,"Texture":0}} }'),
    (4, 36, 'Tigre blanc', 200, '{"Components": {"1":{"Drawable":203,"Texture":1}} }'),
    (4, 36, 'Tigre marron', 200, '{"Components": {"1":{"Drawable":203,"Texture":2}} }'),
    (4, 36, 'Tigre psychédélique', 200, '{"Components": {"1":{"Drawable":203,"Texture":3}} }'),
    (4, 33, 'Momie, blanc', 100, '{"Components": {"1":{"Drawable":204,"Texture":0}} }'),
    (4, 33, 'Momie, vert', 100, '{"Components": {"1":{"Drawable":204,"Texture":1}} }'),
    (4, 33, 'Momie, orange', 100, '{"Components": {"1":{"Drawable":204,"Texture":2}} }'),
    (4, 40, 'Citrouille', 100, '{"Components": {"1":{"Drawable":205,"Texture":0}} }'),
    (4, 34, 'Conquête', 250, '{"Components": {"1":{"Drawable":206,"Texture":0}} }'),
    (4, 33, 'Frankenstein, vert', 100, '{"Components": {"1":{"Drawable":207,"Texture":0}} }'),
    (4, 33, 'Frankenstein, marron', 100, '{"Components": {"1":{"Drawable":207,"Texture":1}} }'),
    (4, 33, 'Frankenstein, gris', 100, '{"Components": {"1":{"Drawable":207,"Texture":2}} }'),
    (4, 37, 'Démon tech. noir', 100, '{"Components": {"1":{"Drawable":208,"Texture":0}} }'),
    (4, 37, 'Démon tech. gris', 100, '{"Components": {"1":{"Drawable":208,"Texture":1}} }'),
    (4, 37, 'Démon tech. blanc', 100, '{"Components": {"1":{"Drawable":208,"Texture":2}} }'),
    (4, 37, 'Démon tech. vert', 100, '{"Components": {"1":{"Drawable":208,"Texture":3}} }'),
    (4, 37, 'Démon tech. marron', 100, '{"Components": {"1":{"Drawable":208,"Texture":4}} }'),
    (4, 37, 'Démon tech. mauve', 100, '{"Components": {"1":{"Drawable":208,"Texture":5}} }'),
    (4, 37, 'Démon tech. rose', 100, '{"Components": {"1":{"Drawable":208,"Texture":6}} }'),
    (4, 37, 'Démon tech. motifs rouge', 100, '{"Components": {"1":{"Drawable":208,"Texture":7}} }'),
    (4, 37, 'Démon tech. motifs bleu', 100, '{"Components": {"1":{"Drawable":208,"Texture":8}} }'),
    (4, 37, 'Démon tech. motifs jaune', 100, '{"Components": {"1":{"Drawable":208,"Texture":9}} }'),
    (4, 37, 'Démon tech. motifs vert', 100, '{"Components": {"1":{"Drawable":208,"Texture":10}} }'),
    (4, 37, 'Démon tech. motifs rose', 100, '{"Components": {"1":{"Drawable":208,"Texture":11}} }'),
    (4, 37, 'Démon tech. orange et blanc 1', 100, '{"Components": {"1":{"Drawable":208,"Texture":12}} }'),
    (4, 37, 'Démon tech. rouge', 100, '{"Components": {"1":{"Drawable":208,"Texture":13}} }'),
    (4, 37, 'Démon tech. camo. vert', 100, '{"Components": {"1":{"Drawable":208,"Texture":14}} }'),
    (4, 37, 'Démon tech. camo. bleu', 100, '{"Components": {"1":{"Drawable":208,"Texture":15}} }'),
    (4, 37, 'Démon tech. camo. forêt', 100, '{"Components": {"1":{"Drawable":208,"Texture":16}} }'),
    (4, 37, 'Démon tech. jaune à motifs rouges', 100, '{"Components": {"1":{"Drawable":208,"Texture":17}} }'),
    (4, 37, 'Démon tech. orange et blanc 2', 100, '{"Components": {"1":{"Drawable":208,"Texture":18}} }'),
    (4, 37, 'Démon tech. vert et jaune', 100, '{"Components": {"1":{"Drawable":208,"Texture":19}} }'),
    (4, 37, 'Démon tech. rose et blanc', 100, '{"Components": {"1":{"Drawable":208,"Texture":20}} }'),
    (4, 37, 'Démon tech. vert clair et noir', 100, '{"Components": {"1":{"Drawable":208,"Texture":21}} }'),
    (4, 37, 'Démon tech. fuchsia et blanc', 100, '{"Components": {"1":{"Drawable":208,"Texture":22}} }'),
    (4, 37, 'Démon tech. gris', 100, '{"Components": {"1":{"Drawable":208,"Texture":23}} }'),
    (4, 37, 'Démon tech. bleu', 100, '{"Components": {"1":{"Drawable":208,"Texture":24}} }'),
    (4, 37, 'Démon tech. noir et blanc', 100, '{"Components": {"1":{"Drawable":208,"Texture":25}} }')
;
