INSERT INTO category (id, name, parent_id)
VALUES
    (33, 'Monstre', null),
    (34, 'Carnaval', null),
    (35, 'Bandana', null),
    (36, 'Animaux', null),
    (37, 'Intégral', null),
    (38, 'Costume', null),
    (39, 'Cagoule', null);

INSERT INTO shop (id, name, label)
VALUES (4, 'mask', 'Magasin de masques');

INSERT INTO shop_categories (shop_id, category_id)
VALUES
    (4, 33),
    (4, 34),
    (4, 35),
    (4, 36),
    (4, 37),
    (4, 38),
    (4, 39);

INSERT INTO shop_content (shop_id, category_id, label, price, data)
VALUES
    (4, 36, 'Cochon noir', 200, '{"Components": {"1":{"Drawable":1,"Texture":0}} }'),
    (4, 36, 'Cochon sanglant', 200, '{"Components": {"1":{"Drawable":1,"Texture":1}} }'),
    (4, 36, 'Cochon marron', 200, '{"Components": {"1":{"Drawable":1,"Texture":2}} }'),
    (4, 36, 'Cochon rose', 200, '{"Components": {"1":{"Drawable":1,"Texture":3}} }'),
    (4, 37, '2-0', 100, '{"Components": {"1":{"Drawable":2,"Texture":0}} }'),
    (4, 37, '2-1', 100, '{"Components": {"1":{"Drawable":2,"Texture":1}} }'),
    (4, 37, '2-2', 100, '{"Components": {"1":{"Drawable":2,"Texture":2}} }'),
    (4, 37, '2-3', 100, '{"Components": {"1":{"Drawable":2,"Texture":3}} }'),
    (4, 36, 'Pogo', 200, '{"Components": {"1":{"Drawable":3,"Texture":0}} }'),
    (4, 37, '4-0', 100, '{"Components": {"1":{"Drawable":4,"Texture":0}} }'),
    (4, 37, '4-1', 100, '{"Components": {"1":{"Drawable":4,"Texture":1}} }'),
    (4, 37, '4-2', 100, '{"Components": {"1":{"Drawable":4,"Texture":2}} }'),
    (4, 37, '4-3', 100, '{"Components": {"1":{"Drawable":4,"Texture":3}} }'),
    (4, 36, 'Singe rose', 200, '{"Components": {"1":{"Drawable":5,"Texture":0}} }'),
    (4, 36, 'Singe vert', 200, '{"Components": {"1":{"Drawable":5,"Texture":1}} }'),
    (4, 36, 'Singe marron', 200, '{"Components": {"1":{"Drawable":5,"Texture":2}} }'),
    (4, 36, 'Singe brun clair', 200, '{"Components": {"1":{"Drawable":5,"Texture":3}} }'),
    (4, 34, '6-0', 250, '{"Components": {"1":{"Drawable":6,"Texture":0}} }'),
    (4, 34, '6-1', 250, '{"Components": {"1":{"Drawable":6,"Texture":1}} }'),
    (4, 34, '6-2', 250, '{"Components": {"1":{"Drawable":6,"Texture":2}} }'),
    (4, 34, '6-3', 250, '{"Components": {"1":{"Drawable":6,"Texture":3}} }'),
    (4, 33, '7-0', 100, '{"Components": {"1":{"Drawable":7,"Texture":0}} }'),
    (4, 33, '7-1', 100, '{"Components": {"1":{"Drawable":7,"Texture":1}} }'),
    (4, 33, '7-2', 100, '{"Components": {"1":{"Drawable":7,"Texture":2}} }'),
    (4, 33, '7-3', 100, '{"Components": {"1":{"Drawable":7,"Texture":3}} }'),
    (4, 38, '8-0', 250, '{"Components": {"1":{"Drawable":8,"Texture":0}} }'),
    (4, 38, '8-1', 250, '{"Components": {"1":{"Drawable":8,"Texture":1}} }'),
    (4, 38, '8-2', 250, '{"Components": {"1":{"Drawable":8,"Texture":2}} }'),
    (4, 38, '9-0', 250, '{"Components": {"1":{"Drawable":9,"Texture":0}} }'),
    (4, 33, '10-0', 100, '{"Components": {"1":{"Drawable":10,"Texture":0}} }'),
    (4, 34, '11-0', 250, '{"Components": {"1":{"Drawable":11,"Texture":0}} }'),
    (4, 34, '11-1', 250, '{"Components": {"1":{"Drawable":11,"Texture":1}} }'),
    (4, 34, '11-2', 250, '{"Components": {"1":{"Drawable":11,"Texture":2}} }'),
    (4, 34, '12-0', 250, '{"Components": {"1":{"Drawable":12,"Texture":0}} }'),
    (4, 34, '12-1', 250, '{"Components": {"1":{"Drawable":12,"Texture":1}} }'),
    (4, 34, '12-2', 250, '{"Components": {"1":{"Drawable":12,"Texture":2}} }'),
    (4, 38, '13-0', 250, '{"Components": {"1":{"Drawable":13,"Texture":0}} }'),
    (4, 37, '14-0', 100, '{"Components": {"1":{"Drawable":14,"Texture":0}} }'),
    (4, 37, '14-1', 100, '{"Components": {"1":{"Drawable":14,"Texture":1}} }'),
    (4, 37, '14-2', 100, '{"Components": {"1":{"Drawable":14,"Texture":2}} }'),
    (4, 37, '14-3', 100, '{"Components": {"1":{"Drawable":14,"Texture":3}} }'),
    (4, 37, '14-4', 100, '{"Components": {"1":{"Drawable":14,"Texture":4}} }'),
    (4, 37, '14-5', 100, '{"Components": {"1":{"Drawable":14,"Texture":5}} }'),
    (4, 37, '14-6', 100, '{"Components": {"1":{"Drawable":14,"Texture":6}} }'),
    (4, 37, '14-7', 100, '{"Components": {"1":{"Drawable":14,"Texture":7}} }'),
    (4, 37, '14-8', 100, '{"Components": {"1":{"Drawable":14,"Texture":8}} }'),
    (4, 37, '14-9', 100, '{"Components": {"1":{"Drawable":14,"Texture":9}} }'),
    (4, 37, '14-10', 100, '{"Components": {"1":{"Drawable":14,"Texture":10}} }'),
    (4, 37, '14-11', 100, '{"Components": {"1":{"Drawable":14,"Texture":11}} }'),
    (4, 37, '14-12', 100, '{"Components": {"1":{"Drawable":14,"Texture":12}} }'),
    (4, 37, '14-13', 100, '{"Components": {"1":{"Drawable":14,"Texture":13}} }'),
    (4, 37, '14-14', 100, '{"Components": {"1":{"Drawable":14,"Texture":14}} }'),
    (4, 37, '14-15', 100, '{"Components": {"1":{"Drawable":14,"Texture":15}} }'),
    (4, 37, '15-0', 100, '{"Components": {"1":{"Drawable":15,"Texture":0}} }'),
    (4, 37, '15-1', 100, '{"Components": {"1":{"Drawable":15,"Texture":1}} }'),
    (4, 37, '15-2', 100, '{"Components": {"1":{"Drawable":15,"Texture":2}} }'),
    (4, 37, '15-3', 100, '{"Components": {"1":{"Drawable":15,"Texture":3}} }'),
    (4, 37, '16-0', 100, '{"Components": {"1":{"Drawable":16,"Texture":0}} }'),
    (4, 37, '16-1', 100, '{"Components": {"1":{"Drawable":16,"Texture":1}} }'),
    (4, 37, '16-2', 100, '{"Components": {"1":{"Drawable":16,"Texture":2}} }'),
    (4, 37, '16-3', 100, '{"Components": {"1":{"Drawable":16,"Texture":3}} }'),
    (4, 37, '16-4', 100, '{"Components": {"1":{"Drawable":16,"Texture":4}} }'),
    (4, 37, '16-5', 100, '{"Components": {"1":{"Drawable":16,"Texture":5}} }'),
    (4, 37, '16-6', 100, '{"Components": {"1":{"Drawable":16,"Texture":6}} }'),
    (4, 37, '16-7', 100, '{"Components": {"1":{"Drawable":16,"Texture":7}} }'),
    (4, 37, '16-8', 100, '{"Components": {"1":{"Drawable":16,"Texture":8}} }'),
    (4, 36, 'Chat gris', 200, '{"Components": {"1":{"Drawable":17,"Texture":0}} }'),
    (4, 36, 'Chat tigré', 200, '{"Components": {"1":{"Drawable":17,"Texture":1}} }'),
    (4, 36, 'Renard rouge', 200, '{"Components": {"1":{"Drawable":18,"Texture":0}} }'),
    (4, 36, 'Renard marron', 200, '{"Components": {"1":{"Drawable":18,"Texture":1}} }'),
    (4, 36, 'Hibou marron', 200, '{"Components": {"1":{"Drawable":19,"Texture":0}} }'),
    (4, 36, 'Hibou blanc', 200, '{"Components": {"1":{"Drawable":19,"Texture":1}} }'),
    (4, 36, 'Raton laveur gris', 200, '{"Components": {"1":{"Drawable":20,"Texture":0}} }'),
    (4, 36, 'Raton laveur noir', 200, '{"Components": {"1":{"Drawable":20,"Texture":1}} }'),
    (4, 36, '21-0', 200, '{"Components": {"1":{"Drawable":21,"Texture":0}} }'),
    (4, 36, '21-1', 200, '{"Components": {"1":{"Drawable":21,"Texture":1}} }'),
    (4, 36, '22-0', 200, '{"Components": {"1":{"Drawable":22,"Texture":0}} }'),
    (4, 36, '22-1', 200, '{"Components": {"1":{"Drawable":22,"Texture":1}} }'),
    (4, 36, '23-0', 200, '{"Components": {"1":{"Drawable":23,"Texture":0}} }'),
    (4, 36, '23-1', 200, '{"Components": {"1":{"Drawable":23,"Texture":1}} }'),
    (4, 36, '24-0', 200, '{"Components": {"1":{"Drawable":24,"Texture":0}} }'),
    (4, 36, '24-1', 200, '{"Components": {"1":{"Drawable":24,"Texture":1}} }'),
    (4, 36, '25-0', 200, '{"Components": {"1":{"Drawable":25,"Texture":0}} }'),
    (4, 36, '25-1', 200, '{"Components": {"1":{"Drawable":25,"Texture":1}} }'),
    (4, 36, '26-0', 200, '{"Components": {"1":{"Drawable":26,"Texture":0}} }'),
    (4, 36, '26-1', 200, '{"Components": {"1":{"Drawable":26,"Texture":1}} }'),
    (4, 38, '27-0', 250, '{"Components": {"1":{"Drawable":27,"Texture":0}} }'),
    (4, 37, '28-0', 100, '{"Components": {"1":{"Drawable":28,"Texture":0}} }'),
    (4, 37, '28-1', 100, '{"Components": {"1":{"Drawable":28,"Texture":1}} }'),
    (4, 37, '28-2', 100, '{"Components": {"1":{"Drawable":28,"Texture":2}} }'),
    (4, 37, '28-3', 100, '{"Components": {"1":{"Drawable":28,"Texture":3}} }'),
    (4, 37, '28-4', 100, '{"Components": {"1":{"Drawable":28,"Texture":4}} }'),
    (4, 37, '29-0', 100, '{"Components": {"1":{"Drawable":29,"Texture":0}} }'),
    (4, 37, '29-1', 100, '{"Components": {"1":{"Drawable":29,"Texture":1}} }'),
    (4, 37, '29-2', 100, '{"Components": {"1":{"Drawable":29,"Texture":2}} }'),
    (4, 37, '29-3', 100, '{"Components": {"1":{"Drawable":29,"Texture":3}} }'),
    (4, 37, '30-0', 100, '{"Components": {"1":{"Drawable":30,"Texture":0}} }'),
    (4, 38, '31-0', 250, '{"Components": {"1":{"Drawable":31,"Texture":0}} }'),
    (4, 36, '32-0', 150, '{"Components": {"1":{"Drawable":32,"Texture":0}} }'),
    (4, 38, '33-0', 250, '{"Components": {"1":{"Drawable":33,"Texture":0}} }'),
    (4, 36, '34-0', 150, '{"Components": {"1":{"Drawable":34,"Texture":0}} }'),
    (4, 36, '34-1', 150, '{"Components": {"1":{"Drawable":34,"Texture":1}} }'),
    (4, 36, '34-2', 150, '{"Components": {"1":{"Drawable":34,"Texture":2}} }'),
    (4, 38, '36-0', 250, '{"Components": {"1":{"Drawable":36,"Texture":0}} }'),
    (4, 37, '37-0', 100, '{"Components": {"1":{"Drawable":37,"Texture":0}} }'),
    (4, 37, '38-0', 100, '{"Components": {"1":{"Drawable":38,"Texture":0}} }'),
    (4, 33, '39-0', 100, '{"Components": {"1":{"Drawable":39,"Texture":0}} }'),
    (4, 33, '39-1', 100, '{"Components": {"1":{"Drawable":39,"Texture":1}} }'),
    (4, 33, '40-0', 100, '{"Components": {"1":{"Drawable":40,"Texture":0}} }'),
    (4, 33, '40-1', 100, '{"Components": {"1":{"Drawable":40,"Texture":1}} }'),
    (4, 33, '41-0', 100, '{"Components": {"1":{"Drawable":41,"Texture":0}} }'),
    (4, 33, '41-1', 100, '{"Components": {"1":{"Drawable":41,"Texture":1}} }'),
    (4, 33, '42-0', 100, '{"Components": {"1":{"Drawable":42,"Texture":0}} }'),
    (4, 33, '42-1', 100, '{"Components": {"1":{"Drawable":42,"Texture":1}} }'),
    (4, 38, 'Rage impuissante', 250, '{"Components": {"1":{"Drawable":43,"Texture":0}} }'),
    (4, 38, 'Princess Robot Bubblegum', 250, '{"Components": {"1":{"Drawable":44,"Texture":0}} }'),
    (4, 38, 'Moorehead', 250, '{"Components": {"1":{"Drawable":45,"Texture":0}} }'),
    (4, 37, '46-0', 100, '{"Components": {"1":{"Drawable":46,"Texture":0}} }'),
    (4, 38, '49-0', 250, '{"Components": {"1":{"Drawable":49,"Texture":0}} }'),
    (4, 38, '49-1', 250, '{"Components": {"1":{"Drawable":49,"Texture":1}} }'),
    (4, 38, '49-2', 250, '{"Components": {"1":{"Drawable":49,"Texture":2}} }'),
    (4, 38, '49-3', 250, '{"Components": {"1":{"Drawable":49,"Texture":3}} }'),
    (4, 38, '49-4', 250, '{"Components": {"1":{"Drawable":49,"Texture":4}} }'),
    (4, 38, '49-5', 250, '{"Components": {"1":{"Drawable":49,"Texture":5}} }'),
    (4, 38, '49-6', 250, '{"Components": {"1":{"Drawable":49,"Texture":6}} }'),
    (4, 38, '49-7', 250, '{"Components": {"1":{"Drawable":49,"Texture":7}} }'),
    (4, 38, '49-8', 250, '{"Components": {"1":{"Drawable":49,"Texture":8}} }'),
    (4, 38, '49-9', 250, '{"Components": {"1":{"Drawable":49,"Texture":9}} }'),
    (4, 38, '49-10', 250, '{"Components": {"1":{"Drawable":49,"Texture":10}} }'),
    (4, 38, '49-11', 250, '{"Components": {"1":{"Drawable":49,"Texture":11}} }'),
    (4, 38, '49-12', 250, '{"Components": {"1":{"Drawable":49,"Texture":12}} }'),
    (4, 38, '49-13', 250, '{"Components": {"1":{"Drawable":49,"Texture":13}} }'),
    (4, 38, '49-14', 250, '{"Components": {"1":{"Drawable":49,"Texture":14}} }'),
    (4, 38, '49-15', 250, '{"Components": {"1":{"Drawable":49,"Texture":15}} }'),
    (4, 38, '49-16', 250, '{"Components": {"1":{"Drawable":49,"Texture":16}} }'),
    (4, 38, '49-17', 250, '{"Components": {"1":{"Drawable":49,"Texture":17}} }'),
    (4, 38, '49-18', 250, '{"Components": {"1":{"Drawable":49,"Texture":18}} }'),
    (4, 38, '49-19', 250, '{"Components": {"1":{"Drawable":49,"Texture":19}} }'),
    (4, 38, '49-20', 250, '{"Components": {"1":{"Drawable":49,"Texture":20}} }'),
    (4, 37, 'Masque vert', 100, '{"Components": {"1":{"Drawable":50,"Texture":0}} }'),
    (4, 37, 'Masque Don', 100, '{"Components": {"1":{"Drawable":50,"Texture":1}} }'),
    (4, 37, 'Masque rose', 100, '{"Components": {"1":{"Drawable":50,"Texture":2}} }'),
    (4, 37, 'Masque de clown', 100, '{"Components": {"1":{"Drawable":50,"Texture":3}} }'),
    (4, 37, 'Masque noir', 100, '{"Components": {"1":{"Drawable":50,"Texture":4}} }'),
    (4, 37, 'Masque marron', 100, '{"Components": {"1":{"Drawable":50,"Texture":5}} }'),
    (4, 37, 'Masque de mannequin', 100, '{"Components": {"1":{"Drawable":50,"Texture":6}} }'),
    (4, 37, 'Masque de poupée', 100, '{"Components": {"1":{"Drawable":50,"Texture":7}} }'),
    (4, 37, 'Masque de pantin', 100, '{"Components": {"1":{"Drawable":50,"Texture":8}} }'),
    (4, 37, 'Masque de mime', 100, '{"Components": {"1":{"Drawable":50,"Texture":9}} }'),
    (4, 35, 'Bandana noir', 100, '{"Components": {"1":{"Drawable":51,"Texture":0}} }'),
    (4, 35, 'Bandana crâne', 100, '{"Components": {"1":{"Drawable":51,"Texture":1}} }'),
    (4, 35, 'Bandana urbain', 100, '{"Components": {"1":{"Drawable":51,"Texture":2}} }'),
    (4, 35, 'Bandana désert', 100, '{"Components": {"1":{"Drawable":51,"Texture":3}} }'),
    (4, 35, 'Bandana forêt', 100, '{"Components": {"1":{"Drawable":51,"Texture":4}} }'),
    (4, 35, 'Bandana vert', 100, '{"Components": {"1":{"Drawable":51,"Texture":5}} }'),
    (4, 35, 'Bandana violet', 100, '{"Components": {"1":{"Drawable":51,"Texture":6}} }'),
    (4, 35, 'Bandana cachemire', 100, '{"Components": {"1":{"Drawable":51,"Texture":7}} }'),
    (4, 35, 'Bandana jaune', 100, '{"Components": {"1":{"Drawable":51,"Texture":8}} }'),
    (4, 35, 'Bandana crâne électrique', 100, '{"Components": {"1":{"Drawable":51,"Texture":9}} }'),
    (4, 37, '53-0', 100, '{"Components": {"1":{"Drawable":53,"Texture":0}} }'),
    (4, 37, '53-1', 100, '{"Components": {"1":{"Drawable":53,"Texture":1}} }'),
    (4, 37, '53-2', 100, '{"Components": {"1":{"Drawable":53,"Texture":2}} }'),
    (4, 37, '53-3', 100, '{"Components": {"1":{"Drawable":53,"Texture":3}} }'),
    (4, 37, '53-4', 100, '{"Components": {"1":{"Drawable":53,"Texture":4}} }'),
    (4, 37, '53-5', 100, '{"Components": {"1":{"Drawable":53,"Texture":5}} }'),
    (4, 37, '53-6', 100, '{"Components": {"1":{"Drawable":53,"Texture":6}} }'),
    (4, 37, '53-7', 100, '{"Components": {"1":{"Drawable":53,"Texture":7}} }'),
    (4, 37, '53-8', 100, '{"Components": {"1":{"Drawable":53,"Texture":8}} }'),
    (4, 37, '53-9', 100, '{"Components": {"1":{"Drawable":53,"Texture":9}} }'),
    (4, 37, 'Masque t-shirt noir', 100, '{"Components": {"1":{"Drawable":54,"Texture":0}} }'),
    (4, 37, 'Masque t-shirt blanc', 100, '{"Components": {"1":{"Drawable":54,"Texture":1}} }'),
    (4, 37, 'Masque t-shirt beige', 100, '{"Components": {"1":{"Drawable":54,"Texture":2}} }'),
    (4, 37, 'Masque t-shirt Benders', 100, '{"Components": {"1":{"Drawable":54,"Texture":3}} }'),
    (4, 37, 'Masque t-shirt justice', 100, '{"Components": {"1":{"Drawable":54,"Texture":4}} }'),
    (4, 37, 'Masque t-shirt forêt', 100, '{"Components": {"1":{"Drawable":54,"Texture":5}} }'),
    (4, 37, 'Masque t-shirt rayé', 100, '{"Components": {"1":{"Drawable":54,"Texture":6}} }'),
    (4, 37, 'Masque t-shirt Love Fist', 100, '{"Components": {"1":{"Drawable":54,"Texture":7}} }'),
    (4, 37, 'Masque t-shirt T.P.I.', 100, '{"Components": {"1":{"Drawable":54,"Texture":8}} }'),
    (4, 37, 'Masque t-shirt rose', 100, '{"Components": {"1":{"Drawable":54,"Texture":9}} }'),
    (4, 37, 'Masque t-shirt Police LS', 100, '{"Components": {"1":{"Drawable":54,"Texture":10}} }'),
    (4, 36, 'Cagoule ample bleue', 150, '{"Components": {"1":{"Drawable":56,"Texture":0}} }'),
    (4, 36, 'Cagoule ample noire', 150, '{"Components": {"1":{"Drawable":56,"Texture":1}} }'),
    (4, 36, 'Cagoule ample crâne', 150, '{"Components": {"1":{"Drawable":56,"Texture":2}} }'),
    (4, 36, 'Cagoule ample kaki', 150, '{"Components": {"1":{"Drawable":56,"Texture":3}} }'),
    (4, 36, 'Cagoule ample sang', 150, '{"Components": {"1":{"Drawable":56,"Texture":4}} }'),
    (4, 36, 'Cagoule ample forêt', 150, '{"Components": {"1":{"Drawable":56,"Texture":5}} }'),
    (4, 36, 'Cagoule ample rouge', 150, '{"Components": {"1":{"Drawable":56,"Texture":6}} }'),
    (4, 36, 'Cagoule ample désert', 150, '{"Components": {"1":{"Drawable":56,"Texture":7}} }'),
    (4, 36, 'Cagoule ample bicolore', 150, '{"Components": {"1":{"Drawable":56,"Texture":8}} }'),
    (4, 36, 'Cagoule en laine noire', 150, '{"Components": {"1":{"Drawable":57,"Texture":0}} }'),
    (4, 36, 'Cagoule en laine vert foncé', 150, '{"Components": {"1":{"Drawable":57,"Texture":1}} }'),
    (4, 36, 'Cagoule en laine cuivre', 150, '{"Components": {"1":{"Drawable":57,"Texture":2}} }'),
    (4, 36, 'Cagoule en laine grise', 150, '{"Components": {"1":{"Drawable":57,"Texture":3}} }'),
    (4, 36, 'Cagoule en laine marron', 150, '{"Components": {"1":{"Drawable":57,"Texture":4}} }'),
    (4, 36, 'Cagoule en laine arc-en-ciel', 150, '{"Components": {"1":{"Drawable":57,"Texture":5}} }'),
    (4, 36, 'Cagoule en laine forêt', 150, '{"Components": {"1":{"Drawable":57,"Texture":6}} }'),
    (4, 36, 'Cagoule en laine sale', 150, '{"Components": {"1":{"Drawable":57,"Texture":7}} }'),
    (4, 36, 'Cagoule en laine rose', 150, '{"Components": {"1":{"Drawable":57,"Texture":8}} }'),
    (4, 36, 'Cagoule Flying Bravo FB', 150, '{"Components": {"1":{"Drawable":57,"Texture":9}} }'),
    (4, 36, 'Cagoule Flying Bravo', 150, '{"Components": {"1":{"Drawable":57,"Texture":10}} }'),
    (4, 36, 'Cagoule Princess', 150, '{"Components": {"1":{"Drawable":57,"Texture":11}} }'),
    (4, 36, 'Cagoule Didier Sachs', 150, '{"Components": {"1":{"Drawable":57,"Texture":12}} }'),
    (4, 36, 'Cagoule Perseus', 150, '{"Components": {"1":{"Drawable":57,"Texture":13}} }'),
    (4, 36, 'Cagoule Perseus logo', 150, '{"Components": {"1":{"Drawable":57,"Texture":14}} }'),
    (4, 36, 'Cagoule Sessanta Nove', 150, '{"Components": {"1":{"Drawable":57,"Texture":15}} }'),
    (4, 36, 'Cagoule en laine blanche', 150, '{"Components": {"1":{"Drawable":57,"Texture":16}} }'),
    (4, 36, 'Cagoule en laine bleue', 150, '{"Components": {"1":{"Drawable":57,"Texture":17}} }'),
    (4, 36, 'Cagoule en laine rouge', 150, '{"Components": {"1":{"Drawable":57,"Texture":18}} }'),
    (4, 36, 'Cagoule en laine verte', 150, '{"Components": {"1":{"Drawable":57,"Texture":19}} }'),
    (4, 36, 'Cagoule en laine orange', 150, '{"Components": {"1":{"Drawable":57,"Texture":20}} }'),
    (4, 36, 'Cagoule en laine mauve', 150, '{"Components": {"1":{"Drawable":57,"Texture":21}} }'),
    (4, 36, 'Cagoule en laine bandit', 150, '{"Components": {"1":{"Drawable":58,"Texture":0}} }'),
    (4, 36, 'Cagoule en laine nature', 150, '{"Components": {"1":{"Drawable":58,"Texture":1}} }'),
    (4, 36, 'Cagoule camo. fluo', 150, '{"Components": {"1":{"Drawable":58,"Texture":2}} }'),
    (4, 36, 'Cagoule camo. rose', 150, '{"Components": {"1":{"Drawable":58,"Texture":3}} }'),
    (4, 36, 'Cagoule camo. orange', 150, '{"Components": {"1":{"Drawable":58,"Texture":4}} }'),
    (4, 36, 'Cagoule Impotent Rage', 150, '{"Components": {"1":{"Drawable":58,"Texture":5}} }'),
    (4, 36, 'Cagoule Pogo', 150, '{"Components": {"1":{"Drawable":58,"Texture":6}} }'),
    (4, 36, 'Cagoule bleue à rayures', 150, '{"Components": {"1":{"Drawable":58,"Texture":7}} }'),
    (4, 36, 'Cagoule noire à rayures', 150, '{"Components": {"1":{"Drawable":58,"Texture":8}} }'),
    (4, 36, 'Cagoule rose à rayures', 150, '{"Components": {"1":{"Drawable":58,"Texture":9}} }'),
    (4, 36, '59-0', 200, '{"Components": {"1":{"Drawable":59,"Texture":0}} }'),
    (4, 33, '60-0', 100, '{"Components": {"1":{"Drawable":60,"Texture":0}} }'),
    (4, 33, '60-1', 100, '{"Components": {"1":{"Drawable":60,"Texture":1}} }'),
    (4, 33, '60-2', 100, '{"Components": {"1":{"Drawable":60,"Texture":2}} }'),
    (4, 33, '61-0', 100, '{"Components": {"1":{"Drawable":61,"Texture":0}} }'),
    (4, 33, '61-1', 100, '{"Components": {"1":{"Drawable":61,"Texture":1}} }'),
    (4, 33, '61-2', 100, '{"Components": {"1":{"Drawable":61,"Texture":2}} }'),
    (4, 33, '62-0', 100, '{"Components": {"1":{"Drawable":62,"Texture":0}} }'),
    (4, 33, '62-1', 100, '{"Components": {"1":{"Drawable":62,"Texture":1}} }'),
    (4, 33, '62-2', 100, '{"Components": {"1":{"Drawable":62,"Texture":2}} }'),
    (4, 33, '63-0', 100, '{"Components": {"1":{"Drawable":63,"Texture":0}} }'),
    (4, 33, '63-1', 100, '{"Components": {"1":{"Drawable":63,"Texture":1}} }'),
    (4, 33, '63-2', 100, '{"Components": {"1":{"Drawable":63,"Texture":2}} }'),
    (4, 33, '64-0', 100, '{"Components": {"1":{"Drawable":64,"Texture":0}} }'),
    (4, 33, '64-1', 100, '{"Components": {"1":{"Drawable":64,"Texture":1}} }'),
    (4, 33, '64-2', 100, '{"Components": {"1":{"Drawable":64,"Texture":2}} }'),
    (4, 33, '65-0', 100, '{"Components": {"1":{"Drawable":65,"Texture":0}} }'),
    (4, 33, '65-1', 100, '{"Components": {"1":{"Drawable":65,"Texture":1}} }'),
    (4, 33, '65-2', 100, '{"Components": {"1":{"Drawable":65,"Texture":2}} }'),
    (4, 33, '66-0', 100, '{"Components": {"1":{"Drawable":66,"Texture":0}} }'),
    (4, 33, '66-1', 100, '{"Components": {"1":{"Drawable":66,"Texture":1}} }'),
    (4, 33, '66-2', 100, '{"Components": {"1":{"Drawable":66,"Texture":2}} }'),
    (4, 33, '67-0', 100, '{"Components": {"1":{"Drawable":67,"Texture":0}} }'),
    (4, 33, '67-1', 100, '{"Components": {"1":{"Drawable":67,"Texture":1}} }'),
    (4, 33, '67-2', 100, '{"Components": {"1":{"Drawable":67,"Texture":2}} }'),
    (4, 33, '68-0', 100, '{"Components": {"1":{"Drawable":68,"Texture":0}} }'),
    (4, 33, '68-1', 100, '{"Components": {"1":{"Drawable":68,"Texture":1}} }'),
    (4, 33, '68-2', 100, '{"Components": {"1":{"Drawable":68,"Texture":2}} }'),
    (4, 33, '69-0', 100, '{"Components": {"1":{"Drawable":69,"Texture":0}} }'),
    (4, 33, '69-1', 100, '{"Components": {"1":{"Drawable":69,"Texture":1}} }'),
    (4, 33, '69-2', 100, '{"Components": {"1":{"Drawable":69,"Texture":2}} }'),
    (4, 33, '70-0', 100, '{"Components": {"1":{"Drawable":70,"Texture":0}} }'),
    (4, 33, '70-1', 100, '{"Components": {"1":{"Drawable":70,"Texture":1}} }'),
    (4, 33, '70-2', 100, '{"Components": {"1":{"Drawable":70,"Texture":2}} }'),
    (4, 33, '71-0', 100, '{"Components": {"1":{"Drawable":71,"Texture":0}} }'),
    (4, 33, '71-1', 100, '{"Components": {"1":{"Drawable":71,"Texture":1}} }'),
    (4, 33, '71-2', 100, '{"Components": {"1":{"Drawable":71,"Texture":2}} }'),
    (4, 33, '72-0', 100, '{"Components": {"1":{"Drawable":72,"Texture":0}} }'),
    (4, 33, '72-1', 100, '{"Components": {"1":{"Drawable":72,"Texture":1}} }'),
    (4, 33, '72-2', 100, '{"Components": {"1":{"Drawable":72,"Texture":2}} }'),
    (4, 38, '74-0', 250, '{"Components": {"1":{"Drawable":74,"Texture":0}} }'),
    (4, 38, '74-1', 250, '{"Components": {"1":{"Drawable":74,"Texture":1}} }'),
    (4, 38, '74-2', 250, '{"Components": {"1":{"Drawable":74,"Texture":2}} }'),
    (4, 38, '75-0', 250, '{"Components": {"1":{"Drawable":75,"Texture":0}} }'),
    (4, 38, '75-1', 250, '{"Components": {"1":{"Drawable":75,"Texture":1}} }'),
    (4, 38, '75-2', 250, '{"Components": {"1":{"Drawable":75,"Texture":2}} }'),
    (4, 38, '76-0', 250, '{"Components": {"1":{"Drawable":76,"Texture":0}} }'),
    (4, 38, '76-1', 250, '{"Components": {"1":{"Drawable":76,"Texture":1}} }'),
    (4, 38, '76-2', 250, '{"Components": {"1":{"Drawable":76,"Texture":2}} }'),
    (4, 38, '78-0', 250, '{"Components": {"1":{"Drawable":78,"Texture":0}} }'),
    (4, 38, '78-1', 250, '{"Components": {"1":{"Drawable":78,"Texture":1}} }'),
    (4, 36, '79-0', 200, '{"Components": {"1":{"Drawable":79,"Texture":0}} }'),
    (4, 36, '79-1', 200, '{"Components": {"1":{"Drawable":79,"Texture":1}} }'),
    (4, 36, '79-2', 200, '{"Components": {"1":{"Drawable":79,"Texture":2}} }'),
    (4, 36, '80-0', 200, '{"Components": {"1":{"Drawable":80,"Texture":0}} }'),
    (4, 36, '80-1', 200, '{"Components": {"1":{"Drawable":80,"Texture":1}} }'),
    (4, 36, '80-2', 200, '{"Components": {"1":{"Drawable":80,"Texture":2}} }'),
    (4, 36, '81-0', 200, '{"Components": {"1":{"Drawable":81,"Texture":0}} }'),
    (4, 36, '81-1', 200, '{"Components": {"1":{"Drawable":81,"Texture":1}} }'),
    (4, 36, '81-2', 200, '{"Components": {"1":{"Drawable":81,"Texture":2}} }'),
    (4, 36, '82-0', 200, '{"Components": {"1":{"Drawable":82,"Texture":0}} }'),
    (4, 36, '82-1', 200, '{"Components": {"1":{"Drawable":82,"Texture":1}} }'),
    (4, 36, '82-2', 200, '{"Components": {"1":{"Drawable":82,"Texture":2}} }'),
    (4, 36, '83-0', 200, '{"Components": {"1":{"Drawable":83,"Texture":0}} }'),
    (4, 36, '83-1', 200, '{"Components": {"1":{"Drawable":83,"Texture":1}} }'),
    (4, 36, '83-2', 200, '{"Components": {"1":{"Drawable":83,"Texture":2}} }'),
    (4, 36, '84-0', 200, '{"Components": {"1":{"Drawable":84,"Texture":0}} }'),
    (4, 38, '85-0', 250, '{"Components": {"1":{"Drawable":85,"Texture":0}} }'),
    (4, 38, '85-1', 250, '{"Components": {"1":{"Drawable":85,"Texture":1}} }'),
    (4, 38, '85-2', 250, '{"Components": {"1":{"Drawable":85,"Texture":2}} }'),
    (4, 38, '86-0', 250, '{"Components": {"1":{"Drawable":86,"Texture":0}} }'),
    (4, 38, '86-1', 250, '{"Components": {"1":{"Drawable":86,"Texture":1}} }'),
    (4, 38, '86-2', 250, '{"Components": {"1":{"Drawable":86,"Texture":2}} }'),
    (4, 38, '87-0', 250, '{"Components": {"1":{"Drawable":87,"Texture":0}} }'),
    (4, 38, '87-1', 250, '{"Components": {"1":{"Drawable":87,"Texture":1}} }'),
    (4, 38, '87-2', 250, '{"Components": {"1":{"Drawable":87,"Texture":2}} }'),
    (4, 38, '88-0', 250, '{"Components": {"1":{"Drawable":88,"Texture":0}} }'),
    (4, 38, '88-1', 250, '{"Components": {"1":{"Drawable":88,"Texture":1}} }'),
    (4, 38, '88-2', 250, '{"Components": {"1":{"Drawable":88,"Texture":2}} }'),
    (4, 37, '89-0', 100, '{"Components": {"1":{"Drawable":89,"Texture":0}} }'),
    (4, 37, '89-1', 100, '{"Components": {"1":{"Drawable":89,"Texture":1}} }'),
    (4, 37, '89-2', 100, '{"Components": {"1":{"Drawable":89,"Texture":2}} }'),
    (4, 37, '89-3', 100, '{"Components": {"1":{"Drawable":89,"Texture":3}} }'),
    (4, 37, '89-4', 100, '{"Components": {"1":{"Drawable":89,"Texture":4}} }'),
    (4, 35, '90-0', 100, '{"Components": {"1":{"Drawable":90,"Texture":0}} }'),
    (4, 35, '90-1', 100, '{"Components": {"1":{"Drawable":90,"Texture":1}} }'),
    (4, 35, '90-2', 100, '{"Components": {"1":{"Drawable":90,"Texture":2}} }'),
    (4, 35, '90-3', 100, '{"Components": {"1":{"Drawable":90,"Texture":3}} }'),
    (4, 35, '90-4', 100, '{"Components": {"1":{"Drawable":90,"Texture":4}} }'),
    (4, 35, '90-5', 100, '{"Components": {"1":{"Drawable":90,"Texture":5}} }'),
    (4, 35, '90-6', 100, '{"Components": {"1":{"Drawable":90,"Texture":6}} }'),
    (4, 35, '90-7', 100, '{"Components": {"1":{"Drawable":90,"Texture":7}} }'),
    (4, 33, '92-0', 100, '{"Components": {"1":{"Drawable":92,"Texture":0}} }'),
    (4, 33, '92-1', 100, '{"Components": {"1":{"Drawable":92,"Texture":1}} }'),
    (4, 33, '92-2', 100, '{"Components": {"1":{"Drawable":92,"Texture":2}} }'),
    (4, 33, '92-3', 100, '{"Components": {"1":{"Drawable":92,"Texture":3}} }'),
    (4, 33, '92-4', 100, '{"Components": {"1":{"Drawable":92,"Texture":4}} }'),
    (4, 33, '92-5', 100, '{"Components": {"1":{"Drawable":92,"Texture":5}} }'),
    (4, 33, 'Dinosaure à rayures', 100, '{"Components": {"1":{"Drawable":93,"Texture":0}} }'),
    (4, 33, 'Dinosaure gris', 100, '{"Components": {"1":{"Drawable":93,"Texture":1}} }'),
    (4, 33, 'Dinosaure tropical', 100, '{"Components": {"1":{"Drawable":93,"Texture":2}} }'),
    (4, 33, 'Dinosaure désert', 100, '{"Components": {"1":{"Drawable":93,"Texture":3}} }'),
    (4, 33, 'Dinosaure forêt', 100, '{"Components": {"1":{"Drawable":93,"Texture":4}} }'),
    (4, 33, 'Dinosaure dangereux', 100, '{"Components": {"1":{"Drawable":93,"Texture":5}} }'),
    (4, 33, '94-0', 100, '{"Components": {"1":{"Drawable":94,"Texture":0}} }'),
    (4, 33, '94-1', 100, '{"Components": {"1":{"Drawable":94,"Texture":1}} }'),
    (4, 33, '94-2', 100, '{"Components": {"1":{"Drawable":94,"Texture":2}} }'),
    (4, 33, '94-3', 100, '{"Components": {"1":{"Drawable":94,"Texture":3}} }'),
    (4, 33, '94-4', 100, '{"Components": {"1":{"Drawable":94,"Texture":4}} }'),
    (4, 33, '94-5', 100, '{"Components": {"1":{"Drawable":94,"Texture":5}} }'),
    (4, 33, 'Clown rouge', 100, '{"Components": {"1":{"Drawable":95,"Texture":0}} }'),
    (4, 33, 'Clown bleu', 100, '{"Components": {"1":{"Drawable":95,"Texture":1}} }'),
    (4, 33, 'Clown vert', 100, '{"Components": {"1":{"Drawable":95,"Texture":2}} }'),
    (4, 33, 'Clown orange', 100, '{"Components": {"1":{"Drawable":95,"Texture":3}} }'),
    (4, 33, 'Clown charognard', 100, '{"Components": {"1":{"Drawable":95,"Texture":4}} }'),
    (4, 33, 'Clown néon', 100, '{"Components": {"1":{"Drawable":95,"Texture":5}} }'),
    (4, 33, 'Clown monstrueux', 100, '{"Components": {"1":{"Drawable":95,"Texture":6}} }'),
    (4, 33, 'Clown sinistre', 100, '{"Components": {"1":{"Drawable":95,"Texture":7}} }'),
    (4, 33, 'Gorille enragé', 100, '{"Components": {"1":{"Drawable":96,"Texture":0}} }'),
    (4, 33, 'Orang-outan enragé', 100, '{"Components": {"1":{"Drawable":96,"Texture":1}} }'),
    (4, 33, 'Vieux singe enragé', 100, '{"Components": {"1":{"Drawable":96,"Texture":2}} }'),
    (4, 33, 'Singe albinos enragé', 100, '{"Components": {"1":{"Drawable":96,"Texture":3}} }'),
    (4, 36, 'Cheval alezan', 200, '{"Components": {"1":{"Drawable":97,"Texture":0}} }'),
    (4, 36, 'Cheval noir', 200, '{"Components": {"1":{"Drawable":97,"Texture":1}} }'),
    (4, 36, 'Cheval gris', 200, '{"Components": {"1":{"Drawable":97,"Texture":2}} }'),
    (4, 36, 'Cheval marron', 200, '{"Components": {"1":{"Drawable":97,"Texture":3}} }'),
    (4, 36, 'Cheval pie', 200, '{"Components": {"1":{"Drawable":97,"Texture":4}} }'),
    (4, 36, 'Zèbre', 200, '{"Components": {"1":{"Drawable":97,"Texture":5}} }'),
    (4, 36, '98-0', 200, '{"Components": {"1":{"Drawable":98,"Texture":0}} }'),
    (4, 34, '99-0', 250, '{"Components": {"1":{"Drawable":99,"Texture":0}} }'),
    (4, 34, '99-1', 250, '{"Components": {"1":{"Drawable":99,"Texture":1}} }'),
    (4, 34, '99-2', 250, '{"Components": {"1":{"Drawable":99,"Texture":2}} }'),
    (4, 34, '99-3', 250, '{"Components": {"1":{"Drawable":99,"Texture":3}} }'),
    (4, 34, '99-4', 250, '{"Components": {"1":{"Drawable":99,"Texture":4}} }'),
    (4, 34, '99-5', 250, '{"Components": {"1":{"Drawable":99,"Texture":5}} }'),
    (4, 36, 'Carlin Moe', 200, '{"Components": {"1":{"Drawable":100,"Texture":0}} }'),
    (4, 36, 'Carlin noir', 200, '{"Components": {"1":{"Drawable":100,"Texture":1}} }'),
    (4, 36, 'Carlin gris', 200, '{"Components": {"1":{"Drawable":100,"Texture":2}} }'),
    (4, 36, 'Carlin marron', 200, '{"Components": {"1":{"Drawable":100,"Texture":3}} }'),
    (4, 36, 'Carlin Joséphine', 200, '{"Components": {"1":{"Drawable":100,"Texture":4}} }'),
    (4, 36, 'Carlin noir et brun clair', 200, '{"Components": {"1":{"Drawable":100,"Texture":5}} }'),
    (4, 35, '101-0', 100, '{"Components": {"1":{"Drawable":101,"Texture":0}} }'),
    (4, 35, '101-1', 100, '{"Components": {"1":{"Drawable":101,"Texture":1}} }'),
    (4, 35, '101-2', 100, '{"Components": {"1":{"Drawable":101,"Texture":2}} }'),
    (4, 35, '101-3', 100, '{"Components": {"1":{"Drawable":101,"Texture":3}} }'),
    (4, 35, '101-4', 100, '{"Components": {"1":{"Drawable":101,"Texture":4}} }'),
    (4, 35, '101-5', 100, '{"Components": {"1":{"Drawable":101,"Texture":5}} }'),
    (4, 35, '101-6', 100, '{"Components": {"1":{"Drawable":101,"Texture":6}} }'),
    (4, 35, '101-7', 100, '{"Components": {"1":{"Drawable":101,"Texture":7}} }'),
    (4, 35, '101-8', 100, '{"Components": {"1":{"Drawable":101,"Texture":8}} }'),
    (4, 35, '101-9', 100, '{"Components": {"1":{"Drawable":101,"Texture":9}} }'),
    (4, 35, '101-10', 100, '{"Components": {"1":{"Drawable":101,"Texture":10}} }'),
    (4, 35, '101-11', 100, '{"Components": {"1":{"Drawable":101,"Texture":11}} }'),
    (4, 35, '101-12', 100, '{"Components": {"1":{"Drawable":101,"Texture":12}} }'),
    (4, 35, '101-13', 100, '{"Components": {"1":{"Drawable":101,"Texture":13}} }'),
    (4, 35, '101-14', 100, '{"Components": {"1":{"Drawable":101,"Texture":14}} }'),
    (4, 35, '101-15', 100, '{"Components": {"1":{"Drawable":101,"Texture":15}} }'),
    (4, 33, '103-0', 100, '{"Components": {"1":{"Drawable":103,"Texture":0}} }'),
    (4, 33, '103-1', 100, '{"Components": {"1":{"Drawable":103,"Texture":1}} }'),
    (4, 33, '103-2', 100, '{"Components": {"1":{"Drawable":103,"Texture":2}} }'),
    (4, 33, '103-3', 100, '{"Components": {"1":{"Drawable":103,"Texture":3}} }'),
    (4, 33, '103-4', 100, '{"Components": {"1":{"Drawable":103,"Texture":4}} }'),
    (4, 33, '103-5', 100, '{"Components": {"1":{"Drawable":103,"Texture":5}} }'),
    (4, 33, '103-6', 100, '{"Components": {"1":{"Drawable":103,"Texture":6}} }'),
    (4, 33, '103-7', 100, '{"Components": {"1":{"Drawable":103,"Texture":7}} }'),
    (4, 33, '103-8', 100, '{"Components": {"1":{"Drawable":103,"Texture":8}} }'),
    (4, 33, '103-9', 100, '{"Components": {"1":{"Drawable":103,"Texture":9}} }'),
    (4, 33, '103-10', 100, '{"Components": {"1":{"Drawable":103,"Texture":10}} }'),
    (4, 33, '103-11', 100, '{"Components": {"1":{"Drawable":103,"Texture":11}} }'),
    (4, 33, '103-12', 100, '{"Components": {"1":{"Drawable":103,"Texture":12}} }'),
    (4, 33, '103-13', 100, '{"Components": {"1":{"Drawable":103,"Texture":13}} }'),
    (4, 33, '103-14', 100, '{"Components": {"1":{"Drawable":103,"Texture":14}} }'),
    (4, 33, '103-15', 100, '{"Components": {"1":{"Drawable":103,"Texture":15}} }'),
    (4, 33, '103-16', 100, '{"Components": {"1":{"Drawable":103,"Texture":16}} }'),
    (4, 33, '103-17', 100, '{"Components": {"1":{"Drawable":103,"Texture":17}} }'),
    (4, 33, '103-18', 100, '{"Components": {"1":{"Drawable":103,"Texture":18}} }'),
    (4, 33, '103-19', 100, '{"Components": {"1":{"Drawable":103,"Texture":19}} }'),
    (4, 33, '103-20', 100, '{"Components": {"1":{"Drawable":103,"Texture":20}} }'),
    (4, 37, '104-0', 100, '{"Components": {"1":{"Drawable":104,"Texture":0}} }'),
    (4, 37, '104-1', 100, '{"Components": {"1":{"Drawable":104,"Texture":1}} }'),
    (4, 37, '104-2', 100, '{"Components": {"1":{"Drawable":104,"Texture":2}} }'),
    (4, 37, '104-3', 100, '{"Components": {"1":{"Drawable":104,"Texture":3}} }'),
    (4, 37, '104-4', 100, '{"Components": {"1":{"Drawable":104,"Texture":4}} }'),
    (4, 37, '104-5', 100, '{"Components": {"1":{"Drawable":104,"Texture":5}} }'),
    (4, 37, '104-6', 100, '{"Components": {"1":{"Drawable":104,"Texture":6}} }'),
    (4, 37, '104-7', 100, '{"Components": {"1":{"Drawable":104,"Texture":7}} }'),
    (4, 37, '104-8', 100, '{"Components": {"1":{"Drawable":104,"Texture":8}} }'),
    (4, 37, '104-9', 100, '{"Components": {"1":{"Drawable":104,"Texture":9}} }'),
    (4, 37, '104-10', 100, '{"Components": {"1":{"Drawable":104,"Texture":10}} }'),
    (4, 37, '104-11', 100, '{"Components": {"1":{"Drawable":104,"Texture":11}} }'),
    (4, 37, '104-12', 100, '{"Components": {"1":{"Drawable":104,"Texture":12}} }'),
    (4, 37, '104-13', 100, '{"Components": {"1":{"Drawable":104,"Texture":13}} }'),
    (4, 37, '104-14', 100, '{"Components": {"1":{"Drawable":104,"Texture":14}} }'),
    (4, 37, '104-15', 100, '{"Components": {"1":{"Drawable":104,"Texture":15}} }'),
    (4, 37, '104-16', 100, '{"Components": {"1":{"Drawable":104,"Texture":16}} }'),
    (4, 37, '104-17', 100, '{"Components": {"1":{"Drawable":104,"Texture":17}} }'),
    (4, 37, '104-18', 100, '{"Components": {"1":{"Drawable":104,"Texture":18}} }'),
    (4, 37, '104-19', 100, '{"Components": {"1":{"Drawable":104,"Texture":19}} }'),
    (4, 37, '104-20', 100, '{"Components": {"1":{"Drawable":104,"Texture":20}} }'),
    (4, 37, '105-0', 100, '{"Components": {"1":{"Drawable":105,"Texture":0}} }'),
    (4, 37, '105-1', 100, '{"Components": {"1":{"Drawable":105,"Texture":1}} }'),
    (4, 37, '105-2', 100, '{"Components": {"1":{"Drawable":105,"Texture":2}} }'),
    (4, 37, '105-3', 100, '{"Components": {"1":{"Drawable":105,"Texture":3}} }'),
    (4, 37, '105-4', 100, '{"Components": {"1":{"Drawable":105,"Texture":4}} }'),
    (4, 37, '105-5', 100, '{"Components": {"1":{"Drawable":105,"Texture":5}} }'),
    (4, 37, '105-6', 100, '{"Components": {"1":{"Drawable":105,"Texture":6}} }'),
    (4, 37, '105-7', 100, '{"Components": {"1":{"Drawable":105,"Texture":7}} }'),
    (4, 37, '105-8', 100, '{"Components": {"1":{"Drawable":105,"Texture":8}} }'),
    (4, 37, '105-9', 100, '{"Components": {"1":{"Drawable":105,"Texture":9}} }'),
    (4, 37, '105-10', 100, '{"Components": {"1":{"Drawable":105,"Texture":10}} }'),
    (4, 37, '105-11', 100, '{"Components": {"1":{"Drawable":105,"Texture":11}} }'),
    (4, 37, '105-12', 100, '{"Components": {"1":{"Drawable":105,"Texture":12}} }'),
    (4, 37, '105-13', 100, '{"Components": {"1":{"Drawable":105,"Texture":13}} }'),
    (4, 37, '105-14', 100, '{"Components": {"1":{"Drawable":105,"Texture":14}} }'),
    (4, 37, '105-15', 100, '{"Components": {"1":{"Drawable":105,"Texture":15}} }'),
    (4, 37, '105-16', 100, '{"Components": {"1":{"Drawable":105,"Texture":16}} }'),
    (4, 37, '105-17', 100, '{"Components": {"1":{"Drawable":105,"Texture":17}} }'),
    (4, 37, '105-18', 100, '{"Components": {"1":{"Drawable":105,"Texture":18}} }'),
    (4, 37, '105-19', 100, '{"Components": {"1":{"Drawable":105,"Texture":19}} }'),
    (4, 37, '105-20', 100, '{"Components": {"1":{"Drawable":105,"Texture":20}} }'),
    (4, 37, '106-0', 100, '{"Components": {"1":{"Drawable":106,"Texture":0}} }'),
    (4, 37, '106-1', 100, '{"Components": {"1":{"Drawable":106,"Texture":1}} }'),
    (4, 37, '106-2', 100, '{"Components": {"1":{"Drawable":106,"Texture":2}} }'),
    (4, 37, '106-3', 100, '{"Components": {"1":{"Drawable":106,"Texture":3}} }'),
    (4, 37, '106-4', 100, '{"Components": {"1":{"Drawable":106,"Texture":4}} }'),
    (4, 37, '106-5', 100, '{"Components": {"1":{"Drawable":106,"Texture":5}} }'),
    (4, 37, '106-6', 100, '{"Components": {"1":{"Drawable":106,"Texture":6}} }'),
    (4, 37, '106-7', 100, '{"Components": {"1":{"Drawable":106,"Texture":7}} }'),
    (4, 37, '106-8', 100, '{"Components": {"1":{"Drawable":106,"Texture":8}} }'),
    (4, 37, '106-9', 100, '{"Components": {"1":{"Drawable":106,"Texture":9}} }'),
    (4, 37, '106-10', 100, '{"Components": {"1":{"Drawable":106,"Texture":10}} }'),
    (4, 37, '106-11', 100, '{"Components": {"1":{"Drawable":106,"Texture":11}} }'),
    (4, 37, '106-12', 100, '{"Components": {"1":{"Drawable":106,"Texture":12}} }'),
    (4, 37, '106-13', 100, '{"Components": {"1":{"Drawable":106,"Texture":13}} }'),
    (4, 37, '106-14', 100, '{"Components": {"1":{"Drawable":106,"Texture":14}} }'),
    (4, 37, '106-15', 100, '{"Components": {"1":{"Drawable":106,"Texture":15}} }'),
    (4, 37, '106-16', 100, '{"Components": {"1":{"Drawable":106,"Texture":16}} }'),
    (4, 37, '106-17', 100, '{"Components": {"1":{"Drawable":106,"Texture":17}} }'),
    (4, 37, '106-18', 100, '{"Components": {"1":{"Drawable":106,"Texture":18}} }'),
    (4, 37, '106-19', 100, '{"Components": {"1":{"Drawable":106,"Texture":19}} }'),
    (4, 37, '106-20', 100, '{"Components": {"1":{"Drawable":106,"Texture":20}} }'),
    (4, 35, '107-0', 100, '{"Components": {"1":{"Drawable":107,"Texture":0}} }'),
    (4, 35, '107-1', 100, '{"Components": {"1":{"Drawable":107,"Texture":1}} }'),
    (4, 35, '107-2', 100, '{"Components": {"1":{"Drawable":107,"Texture":2}} }'),
    (4, 35, '107-3', 100, '{"Components": {"1":{"Drawable":107,"Texture":3}} }'),
    (4, 35, '107-4', 100, '{"Components": {"1":{"Drawable":107,"Texture":4}} }'),
    (4, 35, '107-5', 100, '{"Components": {"1":{"Drawable":107,"Texture":5}} }'),
    (4, 35, '107-6', 100, '{"Components": {"1":{"Drawable":107,"Texture":6}} }'),
    (4, 35, '107-7', 100, '{"Components": {"1":{"Drawable":107,"Texture":7}} }'),
    (4, 35, '107-8', 100, '{"Components": {"1":{"Drawable":107,"Texture":8}} }'),
    (4, 35, '107-9', 100, '{"Components": {"1":{"Drawable":107,"Texture":9}} }'),
    (4, 35, '107-10', 100, '{"Components": {"1":{"Drawable":107,"Texture":10}} }'),
    (4, 35, '107-11', 100, '{"Components": {"1":{"Drawable":107,"Texture":11}} }'),
    (4, 35, '107-12', 100, '{"Components": {"1":{"Drawable":107,"Texture":12}} }'),
    (4, 35, '107-13', 100, '{"Components": {"1":{"Drawable":107,"Texture":13}} }'),
    (4, 35, '107-14', 100, '{"Components": {"1":{"Drawable":107,"Texture":14}} }'),
    (4, 35, '107-15', 100, '{"Components": {"1":{"Drawable":107,"Texture":15}} }'),
    (4, 35, '107-16', 100, '{"Components": {"1":{"Drawable":107,"Texture":16}} }'),
    (4, 35, '107-17', 100, '{"Components": {"1":{"Drawable":107,"Texture":17}} }'),
    (4, 35, '107-18', 100, '{"Components": {"1":{"Drawable":107,"Texture":18}} }'),
    (4, 35, '107-19', 100, '{"Components": {"1":{"Drawable":107,"Texture":19}} }'),
    (4, 35, '107-20', 100, '{"Components": {"1":{"Drawable":107,"Texture":20}} }'),
    (4, 33, '108-0', 100, '{"Components": {"1":{"Drawable":108,"Texture":0}} }'),
    (4, 33, '108-1', 100, '{"Components": {"1":{"Drawable":108,"Texture":1}} }'),
    (4, 33, '108-2', 100, '{"Components": {"1":{"Drawable":108,"Texture":2}} }'),
    (4, 33, '108-3', 100, '{"Components": {"1":{"Drawable":108,"Texture":3}} }'),
    (4, 33, '108-4', 100, '{"Components": {"1":{"Drawable":108,"Texture":4}} }'),
    (4, 33, '108-5', 100, '{"Components": {"1":{"Drawable":108,"Texture":5}} }'),
    (4, 33, '108-6', 100, '{"Components": {"1":{"Drawable":108,"Texture":6}} }'),
    (4, 33, '108-7', 100, '{"Components": {"1":{"Drawable":108,"Texture":7}} }'),
    (4, 33, '108-8', 100, '{"Components": {"1":{"Drawable":108,"Texture":8}} }'),
    (4, 33, '108-9', 100, '{"Components": {"1":{"Drawable":108,"Texture":9}} }'),
    (4, 33, '108-10', 100, '{"Components": {"1":{"Drawable":108,"Texture":10}} }'),
    (4, 33, '108-11', 100, '{"Components": {"1":{"Drawable":108,"Texture":11}} }'),
    (4, 33, '108-12', 100, '{"Components": {"1":{"Drawable":108,"Texture":12}} }'),
    (4, 33, '108-13', 100, '{"Components": {"1":{"Drawable":108,"Texture":13}} }'),
    (4, 33, '108-14', 100, '{"Components": {"1":{"Drawable":108,"Texture":14}} }'),
    (4, 33, '108-15', 100, '{"Components": {"1":{"Drawable":108,"Texture":15}} }'),
    (4, 33, '108-16', 100, '{"Components": {"1":{"Drawable":108,"Texture":16}} }'),
    (4, 33, '108-17', 100, '{"Components": {"1":{"Drawable":108,"Texture":17}} }'),
    (4, 33, '108-18', 100, '{"Components": {"1":{"Drawable":108,"Texture":18}} }'),
    (4, 33, '108-19', 100, '{"Components": {"1":{"Drawable":108,"Texture":19}} }'),
    (4, 33, '108-20', 100, '{"Components": {"1":{"Drawable":108,"Texture":20}} }'),
    (4, 33, '109-0', 100, '{"Components": {"1":{"Drawable":109,"Texture":0}} }'),
    (4, 33, '109-1', 100, '{"Components": {"1":{"Drawable":109,"Texture":1}} }'),
    (4, 33, '109-2', 100, '{"Components": {"1":{"Drawable":109,"Texture":2}} }'),
    (4, 33, '109-3', 100, '{"Components": {"1":{"Drawable":109,"Texture":3}} }'),
    (4, 33, '109-4', 100, '{"Components": {"1":{"Drawable":109,"Texture":4}} }'),
    (4, 33, '109-5', 100, '{"Components": {"1":{"Drawable":109,"Texture":5}} }'),
    (4, 33, '109-6', 100, '{"Components": {"1":{"Drawable":109,"Texture":6}} }'),
    (4, 33, '109-7', 100, '{"Components": {"1":{"Drawable":109,"Texture":7}} }'),
    (4, 33, '109-8', 100, '{"Components": {"1":{"Drawable":109,"Texture":8}} }'),
    (4, 33, '109-9', 100, '{"Components": {"1":{"Drawable":109,"Texture":9}} }'),
    (4, 33, '109-10', 100, '{"Components": {"1":{"Drawable":109,"Texture":10}} }'),
    (4, 33, '109-11', 100, '{"Components": {"1":{"Drawable":109,"Texture":11}} }'),
    (4, 37, '110-0', 100, '{"Components": {"1":{"Drawable":110,"Texture":0}} }'),
    (4, 37, '110-1', 100, '{"Components": {"1":{"Drawable":110,"Texture":1}} }'),
    (4, 37, '110-2', 100, '{"Components": {"1":{"Drawable":110,"Texture":2}} }'),
    (4, 37, '110-3', 100, '{"Components": {"1":{"Drawable":110,"Texture":3}} }'),
    (4, 37, '110-4', 100, '{"Components": {"1":{"Drawable":110,"Texture":4}} }'),
    (4, 37, '110-5', 100, '{"Components": {"1":{"Drawable":110,"Texture":5}} }'),
    (4, 37, '110-6', 100, '{"Components": {"1":{"Drawable":110,"Texture":6}} }'),
    (4, 37, '110-7', 100, '{"Components": {"1":{"Drawable":110,"Texture":7}} }'),
    (4, 37, '110-8', 100, '{"Components": {"1":{"Drawable":110,"Texture":8}} }'),
    (4, 37, '110-9', 100, '{"Components": {"1":{"Drawable":110,"Texture":9}} }'),
    (4, 37, '110-10', 100, '{"Components": {"1":{"Drawable":110,"Texture":10}} }'),
    (4, 37, '110-11', 100, '{"Components": {"1":{"Drawable":110,"Texture":11}} }'),
    (4, 37, '110-12', 100, '{"Components": {"1":{"Drawable":110,"Texture":12}} }'),
    (4, 37, '110-13', 100, '{"Components": {"1":{"Drawable":110,"Texture":13}} }'),
    (4, 37, '110-14', 100, '{"Components": {"1":{"Drawable":110,"Texture":14}} }'),
    (4, 37, '110-15', 100, '{"Components": {"1":{"Drawable":110,"Texture":15}} }'),
    (4, 37, '110-16', 100, '{"Components": {"1":{"Drawable":110,"Texture":16}} }'),
    (4, 37, '110-17', 100, '{"Components": {"1":{"Drawable":110,"Texture":17}} }'),
    (4, 37, '110-18', 100, '{"Components": {"1":{"Drawable":110,"Texture":18}} }'),
    (4, 37, '110-19', 100, '{"Components": {"1":{"Drawable":110,"Texture":19}} }'),
    (4, 37, '110-20', 100, '{"Components": {"1":{"Drawable":110,"Texture":20}} }'),
    (4, 35, 'Bandana vert crâne ', 100, '{"Components": {"1":{"Drawable":111,"Texture":0}} }'),
    (4, 35, 'Bandana marron crâne', 100, '{"Components": {"1":{"Drawable":111,"Texture":1}} }'),
    (4, 35, 'Bandana mauve crâne', 100, '{"Components": {"1":{"Drawable":111,"Texture":2}} }'),
    (4, 35, 'Bandana rose crâne ', 100, '{"Components": {"1":{"Drawable":111,"Texture":3}} }'),
    (4, 35, 'Bandana Blagueurs bleu', 100, '{"Components": {"1":{"Drawable":111,"Texture":4}} }'),
    (4, 35, 'Bandana Blagueurs rouge', 100, '{"Components": {"1":{"Drawable":111,"Texture":5}} }'),
    (4, 35, 'Bandana abstrait vif', 100, '{"Components": {"1":{"Drawable":111,"Texture":6}} }'),
    (4, 35, 'Bandana géométrique', 100, '{"Components": {"1":{"Drawable":111,"Texture":7}} }'),
    (4, 35, 'Bandana Bigness éclats', 100, '{"Components": {"1":{"Drawable":111,"Texture":8}} }'),
    (4, 35, 'Bandana Bigness rouge', 100, '{"Components": {"1":{"Drawable":111,"Texture":9}} }'),
    (4, 35, 'Bandana vert à feuilles', 100, '{"Components": {"1":{"Drawable":111,"Texture":10}} }'),
    (4, 35, 'Bandana bleu à feuilles', 100, '{"Components": {"1":{"Drawable":111,"Texture":11}} }'),
    (4, 35, 'Bandana Manor rouge', 100, '{"Components": {"1":{"Drawable":111,"Texture":12}} }'),
    (4, 35, 'Bandana Manor noir', 100, '{"Components": {"1":{"Drawable":111,"Texture":13}} }'),
    (4, 35, 'Bandana Manor crânes', 100, '{"Components": {"1":{"Drawable":111,"Texture":14}} }'),
    (4, 35, 'Bandana Broker blanc', 100, '{"Components": {"1":{"Drawable":111,"Texture":15}} }'),
    (4, 35, 'Bandana Broker orange', 100, '{"Components": {"1":{"Drawable":111,"Texture":16}} }'),
    (4, 35, 'Bandana Broker noir', 100, '{"Components": {"1":{"Drawable":111,"Texture":17}} }'),
    (4, 35, 'Bandana Broker blanc cassé', 100, '{"Components": {"1":{"Drawable":111,"Texture":18}} }'),
    (4, 35, 'Bandana patriotique', 100, '{"Components": {"1":{"Drawable":111,"Texture":19}} }'),
    (4, 35, 'Bandana bariolé', 100, '{"Components": {"1":{"Drawable":111,"Texture":20}} }'),
    (4, 35, 'Bandana fractal', 100, '{"Components": {"1":{"Drawable":111,"Texture":21}} }'),
    (4, 35, 'Bandana camo. contraste', 100, '{"Components": {"1":{"Drawable":111,"Texture":22}} }'),
    (4, 35, 'Bandana zébré ', 100, '{"Components": {"1":{"Drawable":111,"Texture":23}} }'),
    (4, 35, 'Bandana à motifs sombres', 100, '{"Components": {"1":{"Drawable":111,"Texture":24}} }'),
    (4, 35, 'Bandana à motifs clairs', 100, '{"Components": {"1":{"Drawable":111,"Texture":25}} }'),
    (4, 37, '112-0', 100, '{"Components": {"1":{"Drawable":112,"Texture":0}} }'),
    (4, 37, '112-1', 100, '{"Components": {"1":{"Drawable":112,"Texture":1}} }'),
    (4, 37, '112-2', 100, '{"Components": {"1":{"Drawable":112,"Texture":2}} }'),
    (4, 37, '112-3', 100, '{"Components": {"1":{"Drawable":112,"Texture":3}} }'),
    (4, 37, '112-4', 100, '{"Components": {"1":{"Drawable":112,"Texture":4}} }'),
    (4, 37, '112-5', 100, '{"Components": {"1":{"Drawable":112,"Texture":5}} }'),
    (4, 37, '112-6', 100, '{"Components": {"1":{"Drawable":112,"Texture":6}} }'),
    (4, 37, '112-7', 100, '{"Components": {"1":{"Drawable":112,"Texture":7}} }'),
    (4, 37, '112-8', 100, '{"Components": {"1":{"Drawable":112,"Texture":8}} }'),
    (4, 37, '112-9', 100, '{"Components": {"1":{"Drawable":112,"Texture":9}} }'),
    (4, 37, '112-10', 100, '{"Components": {"1":{"Drawable":112,"Texture":10}} }'),
    (4, 37, '112-11', 100, '{"Components": {"1":{"Drawable":112,"Texture":11}} }'),
    (4, 37, '112-12', 100, '{"Components": {"1":{"Drawable":112,"Texture":12}} }'),
    (4, 37, '112-13', 100, '{"Components": {"1":{"Drawable":112,"Texture":13}} }'),
    (4, 37, '112-14', 100, '{"Components": {"1":{"Drawable":112,"Texture":14}} }'),
    (4, 37, '112-15', 100, '{"Components": {"1":{"Drawable":112,"Texture":15}} }'),
    (4, 37, '112-16', 100, '{"Components": {"1":{"Drawable":112,"Texture":16}} }'),
    (4, 37, '112-17', 100, '{"Components": {"1":{"Drawable":112,"Texture":17}} }'),
    (4, 37, '112-18', 100, '{"Components": {"1":{"Drawable":112,"Texture":18}} }'),
    (4, 37, '112-19', 100, '{"Components": {"1":{"Drawable":112,"Texture":19}} }'),
    (4, 37, '112-20', 100, '{"Components": {"1":{"Drawable":112,"Texture":20}} }'),
    (4, 35, '114-0', 100, '{"Components": {"1":{"Drawable":114,"Texture":0}} }'),
    (4, 35, '114-1', 100, '{"Components": {"1":{"Drawable":114,"Texture":1}} }'),
    (4, 35, '114-2', 100, '{"Components": {"1":{"Drawable":114,"Texture":2}} }'),
    (4, 35, '114-3', 100, '{"Components": {"1":{"Drawable":114,"Texture":3}} }'),
    (4, 35, '114-4', 100, '{"Components": {"1":{"Drawable":114,"Texture":4}} }'),
    (4, 35, '114-5', 100, '{"Components": {"1":{"Drawable":114,"Texture":5}} }'),
    (4, 35, '114-6', 100, '{"Components": {"1":{"Drawable":114,"Texture":6}} }'),
    (4, 35, '114-7', 100, '{"Components": {"1":{"Drawable":114,"Texture":7}} }'),
    (4, 35, '114-8', 100, '{"Components": {"1":{"Drawable":114,"Texture":8}} }'),
    (4, 35, '114-9', 100, '{"Components": {"1":{"Drawable":114,"Texture":9}} }'),
    (4, 35, '114-10', 100, '{"Components": {"1":{"Drawable":114,"Texture":10}} }'),
    (4, 35, '114-11', 100, '{"Components": {"1":{"Drawable":114,"Texture":11}} }'),
    (4, 35, '114-12', 100, '{"Components": {"1":{"Drawable":114,"Texture":12}} }'),
    (4, 35, '114-13', 100, '{"Components": {"1":{"Drawable":114,"Texture":13}} }'),
    (4, 35, '114-14', 100, '{"Components": {"1":{"Drawable":114,"Texture":14}} }'),
    (4, 35, '114-15', 100, '{"Components": {"1":{"Drawable":114,"Texture":15}} }'),
    (4, 35, '114-16', 100, '{"Components": {"1":{"Drawable":114,"Texture":16}} }'),
    (4, 35, '114-17', 100, '{"Components": {"1":{"Drawable":114,"Texture":17}} }'),
    (4, 35, '114-18', 100, '{"Components": {"1":{"Drawable":114,"Texture":18}} }'),
    (4, 35, '114-19', 100, '{"Components": {"1":{"Drawable":114,"Texture":19}} }'),
    (4, 35, '114-20', 100, '{"Components": {"1":{"Drawable":114,"Texture":20}} }'),
    (4, 35, '115-0', 100, '{"Components": {"1":{"Drawable":115,"Texture":0}} }'),
    (4, 35, '115-1', 100, '{"Components": {"1":{"Drawable":115,"Texture":1}} }'),
    (4, 35, '115-2', 100, '{"Components": {"1":{"Drawable":115,"Texture":2}} }'),
    (4, 35, '115-3', 100, '{"Components": {"1":{"Drawable":115,"Texture":3}} }'),
    (4, 35, '115-4', 100, '{"Components": {"1":{"Drawable":115,"Texture":4}} }'),
    (4, 35, '115-5', 100, '{"Components": {"1":{"Drawable":115,"Texture":5}} }'),
    (4, 35, '115-6', 100, '{"Components": {"1":{"Drawable":115,"Texture":6}} }'),
    (4, 35, '115-7', 100, '{"Components": {"1":{"Drawable":115,"Texture":7}} }'),
    (4, 35, '115-8', 100, '{"Components": {"1":{"Drawable":115,"Texture":8}} }'),
    (4, 35, '115-9', 100, '{"Components": {"1":{"Drawable":115,"Texture":9}} }'),
    (4, 35, '115-10', 100, '{"Components": {"1":{"Drawable":115,"Texture":10}} }'),
    (4, 35, '115-11', 100, '{"Components": {"1":{"Drawable":115,"Texture":11}} }'),
    (4, 35, '115-12', 100, '{"Components": {"1":{"Drawable":115,"Texture":12}} }'),
    (4, 35, '115-13', 100, '{"Components": {"1":{"Drawable":115,"Texture":13}} }'),
    (4, 35, '115-14', 100, '{"Components": {"1":{"Drawable":115,"Texture":14}} }'),
    (4, 35, '115-15', 100, '{"Components": {"1":{"Drawable":115,"Texture":15}} }'),
    (4, 35, '115-16', 100, '{"Components": {"1":{"Drawable":115,"Texture":16}} }'),
    (4, 35, '115-17', 100, '{"Components": {"1":{"Drawable":115,"Texture":17}} }'),
    (4, 35, '115-18', 100, '{"Components": {"1":{"Drawable":115,"Texture":18}} }'),
    (4, 35, '115-19', 100, '{"Components": {"1":{"Drawable":115,"Texture":19}} }'),
    (4, 35, '115-20', 100, '{"Components": {"1":{"Drawable":115,"Texture":20}} }'),
    (4, 35, '116-0', 100, '{"Components": {"1":{"Drawable":116,"Texture":0}} }'),
    (4, 35, '116-1', 100, '{"Components": {"1":{"Drawable":116,"Texture":1}} }'),
    (4, 35, '116-2', 100, '{"Components": {"1":{"Drawable":116,"Texture":2}} }'),
    (4, 35, '116-3', 100, '{"Components": {"1":{"Drawable":116,"Texture":3}} }'),
    (4, 35, '116-4', 100, '{"Components": {"1":{"Drawable":116,"Texture":4}} }'),
    (4, 35, '116-5', 100, '{"Components": {"1":{"Drawable":116,"Texture":5}} }'),
    (4, 35, '116-6', 100, '{"Components": {"1":{"Drawable":116,"Texture":6}} }'),
    (4, 35, '116-7', 100, '{"Components": {"1":{"Drawable":116,"Texture":7}} }'),
    (4, 35, '116-8', 100, '{"Components": {"1":{"Drawable":116,"Texture":8}} }'),
    (4, 35, '116-9', 100, '{"Components": {"1":{"Drawable":116,"Texture":9}} }'),
    (4, 35, '116-10', 100, '{"Components": {"1":{"Drawable":116,"Texture":10}} }'),
    (4, 35, '116-11', 100, '{"Components": {"1":{"Drawable":116,"Texture":11}} }'),
    (4, 35, '116-12', 100, '{"Components": {"1":{"Drawable":116,"Texture":12}} }'),
    (4, 35, '116-13', 100, '{"Components": {"1":{"Drawable":116,"Texture":13}} }'),
    (4, 35, '116-14', 100, '{"Components": {"1":{"Drawable":116,"Texture":14}} }'),
    (4, 35, '116-15', 100, '{"Components": {"1":{"Drawable":116,"Texture":15}} }'),
    (4, 35, '116-16', 100, '{"Components": {"1":{"Drawable":116,"Texture":16}} }'),
    (4, 35, '116-17', 100, '{"Components": {"1":{"Drawable":116,"Texture":17}} }'),
    (4, 35, '116-18', 100, '{"Components": {"1":{"Drawable":116,"Texture":18}} }'),
    (4, 35, '116-19', 100, '{"Components": {"1":{"Drawable":116,"Texture":19}} }'),
    (4, 35, '116-20', 100, '{"Components": {"1":{"Drawable":116,"Texture":20}} }'),
    (4, 36, 'Laine claire rayée', 150, '{"Components": {"1":{"Drawable":117,"Texture":0}} }'),
    (4, 36, 'Laine rouge foncé', 150, '{"Components": {"1":{"Drawable":117,"Texture":1}} }'),
    (4, 36, 'Laine verte et beige', 150, '{"Components": {"1":{"Drawable":117,"Texture":2}} }'),
    (4, 36, 'Laine aube', 150, '{"Components": {"1":{"Drawable":117,"Texture":3}} }'),
    (4, 36, 'Laine grise pixels', 150, '{"Components": {"1":{"Drawable":117,"Texture":4}} }'),
    (4, 36, 'Laine grise forêt', 150, '{"Components": {"1":{"Drawable":117,"Texture":5}} }'),
    (4, 36, 'Laine marron pixels', 150, '{"Components": {"1":{"Drawable":117,"Texture":6}} }'),
    (4, 36, 'Laine rayures rouges', 150, '{"Components": {"1":{"Drawable":117,"Texture":7}} }'),
    (4, 36, 'Laine crâne', 150, '{"Components": {"1":{"Drawable":117,"Texture":8}} }'),
    (4, 36, 'Laine bordeaux à rayures', 150, '{"Components": {"1":{"Drawable":117,"Texture":9}} }'),
    (4, 36, 'Laine vert clair', 150, '{"Components": {"1":{"Drawable":117,"Texture":10}} }'),
    (4, 36, 'Laine camo. turquoise', 150, '{"Components": {"1":{"Drawable":117,"Texture":11}} }'),
    (4, 36, 'Laine à rayures', 150, '{"Components": {"1":{"Drawable":117,"Texture":12}} }'),
    (4, 36, 'Laine noire et rouge', 150, '{"Components": {"1":{"Drawable":117,"Texture":13}} }'),
    (4, 36, 'Laine verte à rayures', 150, '{"Components": {"1":{"Drawable":117,"Texture":14}} }'),
    (4, 36, 'Laine tigrée', 150, '{"Components": {"1":{"Drawable":117,"Texture":15}} }'),
    (4, 36, 'Laine léopard', 150, '{"Components": {"1":{"Drawable":117,"Texture":16}} }'),
    (4, 36, 'Laine sombre', 150, '{"Components": {"1":{"Drawable":117,"Texture":17}} }'),
    (4, 36, 'Laine patriotique', 150, '{"Components": {"1":{"Drawable":117,"Texture":18}} }'),
    (4, 36, 'Laine bleue luchador', 150, '{"Components": {"1":{"Drawable":117,"Texture":19}} }'),
    (4, 36, 'Laine verte luchador', 150, '{"Components": {"1":{"Drawable":117,"Texture":20}} }'),
    (4, 37, 'T-shirt camouflage vert', 100, '{"Components": {"1":{"Drawable":118,"Texture":0}} }'),
    (4, 37, 'T-shirt camouflage orange', 100, '{"Components": {"1":{"Drawable":118,"Texture":1}} }'),
    (4, 37, 'T-shirt camouflage mauve', 100, '{"Components": {"1":{"Drawable":118,"Texture":2}} }'),
    (4, 37, 'T-shirt camouflage rose', 100, '{"Components": {"1":{"Drawable":118,"Texture":3}} }'),
    (4, 37, 'T-shirt léopard magenta', 100, '{"Components": {"1":{"Drawable":118,"Texture":4}} }'),
    (4, 37, 'T-shirt marine peint', 100, '{"Components": {"1":{"Drawable":118,"Texture":5}} }'),
    (4, 37, 'T-shirt feuilles', 100, '{"Components": {"1":{"Drawable":118,"Texture":6}} }'),
    (4, 37, 'T-shirt gris pixels', 100, '{"Components": {"1":{"Drawable":118,"Texture":7}} }'),
    (4, 37, 'T-shirt camouflage turquoise', 100, '{"Components": {"1":{"Drawable":118,"Texture":8}} }'),
    (4, 37, 'T-shirt camouflage rouge', 100, '{"Components": {"1":{"Drawable":118,"Texture":9}} }'),
    (4, 37, 'T-shirt Bigness camouflage', 100, '{"Components": {"1":{"Drawable":118,"Texture":10}} }'),
    (4, 37, 'T-shirt Bigness noir', 100, '{"Components": {"1":{"Drawable":118,"Texture":11}} }'),
    (4, 37, 'T-shirt Bigness rouge', 100, '{"Components": {"1":{"Drawable":118,"Texture":12}} }'),
    (4, 37, 'T-shirt Bigness gris', 100, '{"Components": {"1":{"Drawable":118,"Texture":13}} }'),
    (4, 37, 'T-shirt rayé', 100, '{"Components": {"1":{"Drawable":118,"Texture":14}} }'),
    (4, 37, 'T-shirt Squash jus d\'orange', 100, '{"Components": {"1":{"Drawable":118,"Texture":15}} }'),
    (4, 37, 'T-shirt vert et rose', 100, '{"Components": {"1":{"Drawable":118,"Texture":16}} }'),
    (4, 37, 'T-shirt patriotique', 100, '{"Components": {"1":{"Drawable":118,"Texture":17}} }'),
    (4, 37, 'T-shirt noir patriotique', 100, '{"Components": {"1":{"Drawable":118,"Texture":18}} }'),
    (4, 37, 'T-shirt République SA', 100, '{"Components": {"1":{"Drawable":118,"Texture":19}} }'),
    (4, 37, 'T-shirt turquoise peint', 100, '{"Components": {"1":{"Drawable":118,"Texture":20}} }'),
    (4, 37, 'T-shirt excentrique', 100, '{"Components": {"1":{"Drawable":118,"Texture":21}} }'),
    (4, 37, 'T-shirt rose teint', 100, '{"Components": {"1":{"Drawable":118,"Texture":22}} }'),
    (4, 37, 'T-shirt orange à motif', 100, '{"Components": {"1":{"Drawable":118,"Texture":23}} }'),
    (4, 37, 'T-shirt vert à motif', 100, '{"Components": {"1":{"Drawable":118,"Texture":24}} }'),
    (4, 37, 'T-shirt rose à motif', 100, '{"Components": {"1":{"Drawable":118,"Texture":25}} }'),
    (4, 36, 'Miteuse crâne', 150, '{"Components": {"1":{"Drawable":119,"Texture":0}} }'),
    (4, 36, 'Miteuse gris cendre', 150, '{"Components": {"1":{"Drawable":119,"Texture":1}} }'),
    (4, 36, 'Miteuse anthracite', 150, '{"Components": {"1":{"Drawable":119,"Texture":2}} }'),
    (4, 36, 'Miteuse chocolat', 150, '{"Components": {"1":{"Drawable":119,"Texture":3}} }'),
    (4, 36, 'Miteuse bleue', 150, '{"Components": {"1":{"Drawable":119,"Texture":4}} }'),
    (4, 36, 'Miteuse toile de jute', 150, '{"Components": {"1":{"Drawable":119,"Texture":5}} }'),
    (4, 36, 'Miteuse rouge foncé', 150, '{"Components": {"1":{"Drawable":119,"Texture":6}} }'),
    (4, 36, 'Miteuse vert clair', 150, '{"Components": {"1":{"Drawable":119,"Texture":7}} }'),
    (4, 36, 'Miteuse beige rayée', 150, '{"Components": {"1":{"Drawable":119,"Texture":8}} }'),
    (4, 36, 'Miteuse rasta rayée', 150, '{"Components": {"1":{"Drawable":119,"Texture":9}} }'),
    (4, 36, 'Miteuse trio rayée', 150, '{"Components": {"1":{"Drawable":119,"Texture":10}} }'),
    (4, 36, 'Miteuse orange rayée', 150, '{"Components": {"1":{"Drawable":119,"Texture":11}} }'),
    (4, 36, 'Miteuse léopard magenta', 150, '{"Components": {"1":{"Drawable":119,"Texture":12}} }'),
    (4, 36, 'Miteuse couleurs vives', 150, '{"Components": {"1":{"Drawable":119,"Texture":13}} }'),
    (4, 36, 'Miteuse de skate', 150, '{"Components": {"1":{"Drawable":119,"Texture":14}} }'),
    (4, 36, 'Miteuse rose', 150, '{"Components": {"1":{"Drawable":119,"Texture":15}} }'),
    (4, 36, 'Miteuse camouflage turquoise', 150, '{"Components": {"1":{"Drawable":119,"Texture":16}} }'),
    (4, 36, 'Miteuse grise pixels', 150, '{"Components": {"1":{"Drawable":119,"Texture":17}} }'),
    (4, 36, 'Miteuse grise forêt', 150, '{"Components": {"1":{"Drawable":119,"Texture":18}} }'),
    (4, 36, 'Miteuse ravissante', 150, '{"Components": {"1":{"Drawable":119,"Texture":19}} }'),
    (4, 36, 'Miteuse sombre fluo', 150, '{"Components": {"1":{"Drawable":119,"Texture":20}} }'),
    (4, 34, '124-0', 250, '{"Components": {"1":{"Drawable":124,"Texture":0}} }'),
    (4, 34, '124-1', 250, '{"Components": {"1":{"Drawable":124,"Texture":1}} }'),
    (4, 34, '124-2', 250, '{"Components": {"1":{"Drawable":124,"Texture":2}} }'),
    (4, 34, '124-3', 250, '{"Components": {"1":{"Drawable":124,"Texture":3}} }'),
    (4, 34, '124-4', 250, '{"Components": {"1":{"Drawable":124,"Texture":4}} }'),
    (4, 34, '124-5', 250, '{"Components": {"1":{"Drawable":124,"Texture":5}} }'),
    (4, 34, '124-6', 250, '{"Components": {"1":{"Drawable":124,"Texture":6}} }'),
    (4, 34, '124-7', 250, '{"Components": {"1":{"Drawable":124,"Texture":7}} }'),
    (4, 34, '124-8', 250, '{"Components": {"1":{"Drawable":124,"Texture":8}} }'),
    (4, 34, '124-9', 250, '{"Components": {"1":{"Drawable":124,"Texture":9}} }'),
    (4, 34, '124-10', 250, '{"Components": {"1":{"Drawable":124,"Texture":10}} }'),
    (4, 34, '124-11', 250, '{"Components": {"1":{"Drawable":124,"Texture":11}} }'),
    (4, 34, '124-12', 250, '{"Components": {"1":{"Drawable":124,"Texture":12}} }'),
    (4, 34, '124-13', 250, '{"Components": {"1":{"Drawable":124,"Texture":13}} }'),
    (4, 34, '124-14', 250, '{"Components": {"1":{"Drawable":124,"Texture":14}} }'),
    (4, 34, '124-15', 250, '{"Components": {"1":{"Drawable":124,"Texture":15}} }'),
    (4, 34, '124-16', 250, '{"Components": {"1":{"Drawable":124,"Texture":16}} }'),
    (4, 34, '124-17', 250, '{"Components": {"1":{"Drawable":124,"Texture":17}} }'),
    (4, 34, '124-18', 250, '{"Components": {"1":{"Drawable":124,"Texture":18}} }'),
    (4, 34, '124-19', 250, '{"Components": {"1":{"Drawable":124,"Texture":19}} }'),
    (4, 34, '124-20', 250, '{"Components": {"1":{"Drawable":124,"Texture":20}} }'),
    (4, 37, '125-0', 100, '{"Components": {"1":{"Drawable":125,"Texture":0}} }'),
    (4, 37, '125-1', 100, '{"Components": {"1":{"Drawable":125,"Texture":1}} }'),
    (4, 37, '125-2', 100, '{"Components": {"1":{"Drawable":125,"Texture":2}} }'),
    (4, 37, '125-3', 100, '{"Components": {"1":{"Drawable":125,"Texture":3}} }'),
    (4, 37, '125-4', 100, '{"Components": {"1":{"Drawable":125,"Texture":4}} }'),
    (4, 37, '125-5', 100, '{"Components": {"1":{"Drawable":125,"Texture":5}} }'),
    (4, 37, '125-6', 100, '{"Components": {"1":{"Drawable":125,"Texture":6}} }'),
    (4, 37, '125-7', 100, '{"Components": {"1":{"Drawable":125,"Texture":7}} }'),
    (4, 37, '125-8', 100, '{"Components": {"1":{"Drawable":125,"Texture":8}} }'),
    (4, 37, '125-9', 100, '{"Components": {"1":{"Drawable":125,"Texture":9}} }'),
    (4, 37, '125-10', 100, '{"Components": {"1":{"Drawable":125,"Texture":10}} }'),
    (4, 37, '125-11', 100, '{"Components": {"1":{"Drawable":125,"Texture":11}} }'),
    (4, 37, '125-12', 100, '{"Components": {"1":{"Drawable":125,"Texture":12}} }'),
    (4, 37, '125-13', 100, '{"Components": {"1":{"Drawable":125,"Texture":13}} }'),
    (4, 37, '125-14', 100, '{"Components": {"1":{"Drawable":125,"Texture":14}} }'),
    (4, 37, '125-15', 100, '{"Components": {"1":{"Drawable":125,"Texture":15}} }'),
    (4, 37, '125-16', 100, '{"Components": {"1":{"Drawable":125,"Texture":16}} }'),
    (4, 37, '125-17', 100, '{"Components": {"1":{"Drawable":125,"Texture":17}} }'),
    (4, 37, '125-18', 100, '{"Components": {"1":{"Drawable":125,"Texture":18}} }'),
    (4, 37, '125-19', 100, '{"Components": {"1":{"Drawable":125,"Texture":19}} }'),
    (4, 37, '125-20', 100, '{"Components": {"1":{"Drawable":125,"Texture":20}} }'),
    (4, 37, '126-0', 100, '{"Components": {"1":{"Drawable":126,"Texture":0}} }'),
    (4, 37, '126-1', 100, '{"Components": {"1":{"Drawable":126,"Texture":1}} }'),
    (4, 37, '126-2', 100, '{"Components": {"1":{"Drawable":126,"Texture":2}} }'),
    (4, 37, '126-3', 100, '{"Components": {"1":{"Drawable":126,"Texture":3}} }'),
    (4, 37, '126-4', 100, '{"Components": {"1":{"Drawable":126,"Texture":4}} }'),
    (4, 37, '126-5', 100, '{"Components": {"1":{"Drawable":126,"Texture":5}} }'),
    (4, 37, '126-6', 100, '{"Components": {"1":{"Drawable":126,"Texture":6}} }'),
    (4, 37, '126-7', 100, '{"Components": {"1":{"Drawable":126,"Texture":7}} }'),
    (4, 37, '126-8', 100, '{"Components": {"1":{"Drawable":126,"Texture":8}} }'),
    (4, 37, '126-9', 100, '{"Components": {"1":{"Drawable":126,"Texture":9}} }'),
    (4, 37, '126-10', 100, '{"Components": {"1":{"Drawable":126,"Texture":10}} }'),
    (4, 37, '126-11', 100, '{"Components": {"1":{"Drawable":126,"Texture":11}} }'),
    (4, 37, '126-12', 100, '{"Components": {"1":{"Drawable":126,"Texture":12}} }'),
    (4, 37, '126-13', 100, '{"Components": {"1":{"Drawable":126,"Texture":13}} }'),
    (4, 37, '126-14', 100, '{"Components": {"1":{"Drawable":126,"Texture":14}} }'),
    (4, 37, '126-15', 100, '{"Components": {"1":{"Drawable":126,"Texture":15}} }'),
    (4, 37, '126-16', 100, '{"Components": {"1":{"Drawable":126,"Texture":16}} }'),
    (4, 37, '126-17', 100, '{"Components": {"1":{"Drawable":126,"Texture":17}} }'),
    (4, 37, '127-0', 100, '{"Components": {"1":{"Drawable":127,"Texture":0}} }'),
    (4, 37, '127-1', 100, '{"Components": {"1":{"Drawable":127,"Texture":1}} }'),
    (4, 37, '127-2', 100, '{"Components": {"1":{"Drawable":127,"Texture":2}} }'),
    (4, 37, '127-3', 100, '{"Components": {"1":{"Drawable":127,"Texture":3}} }'),
    (4, 37, 'Faux visage gris forêt', 100, '{"Components": {"1":{"Drawable":128,"Texture":0}} }'),
    (4, 37, 'Faux visage camo. turquoise', 100, '{"Components": {"1":{"Drawable":128,"Texture":1}} }'),
    (4, 37, 'Faux visage gros titre', 100, '{"Components": {"1":{"Drawable":128,"Texture":2}} }'),
    (4, 37, 'Faux visage éclats', 100, '{"Components": {"1":{"Drawable":128,"Texture":3}} }'),
    (4, 37, 'Faux visage marron pixels', 100, '{"Components": {"1":{"Drawable":128,"Texture":4}} }'),
    (4, 37, 'Faux visage rayé camo. forêt', 100, '{"Components": {"1":{"Drawable":128,"Texture":5}} }'),
    (4, 37, 'Faux visage camo. forêt pavés', 100, '{"Components": {"1":{"Drawable":128,"Texture":6}} }'),
    (4, 37, 'Faux visage soleil levant', 100, '{"Components": {"1":{"Drawable":128,"Texture":7}} }'),
    (4, 37, 'Faux visage opéra', 100, '{"Components": {"1":{"Drawable":128,"Texture":8}} }'),
    (4, 37, 'Faux visage patriotique', 100, '{"Components": {"1":{"Drawable":128,"Texture":9}} }'),
    (4, 37, 'Faux visage vert à motif', 100, '{"Components": {"1":{"Drawable":128,"Texture":10}} }'),
    (4, 37, 'Faux visage gothique', 100, '{"Components": {"1":{"Drawable":128,"Texture":11}} }'),
    (4, 37, 'Faux visage vert', 100, '{"Components": {"1":{"Drawable":128,"Texture":12}} }'),
    (4, 37, 'Faux visage orange', 100, '{"Components": {"1":{"Drawable":128,"Texture":13}} }'),
    (4, 37, 'Faux visage mauve', 100, '{"Components": {"1":{"Drawable":128,"Texture":14}} }'),
    (4, 37, 'Faux visage rose', 100, '{"Components": {"1":{"Drawable":128,"Texture":15}} }'),
    (4, 37, '129-0', 100, '{"Components": {"1":{"Drawable":129,"Texture":0}} }'),
    (4, 37, '129-1', 100, '{"Components": {"1":{"Drawable":129,"Texture":1}} }'),
    (4, 37, '129-2', 100, '{"Components": {"1":{"Drawable":129,"Texture":2}} }'),
    (4, 37, '129-3', 100, '{"Components": {"1":{"Drawable":129,"Texture":3}} }'),
    (4, 37, '129-4', 100, '{"Components": {"1":{"Drawable":129,"Texture":4}} }'),
    (4, 37, '129-5', 100, '{"Components": {"1":{"Drawable":129,"Texture":5}} }'),
    (4, 37, '129-6', 100, '{"Components": {"1":{"Drawable":129,"Texture":6}} }'),
    (4, 37, '129-7', 100, '{"Components": {"1":{"Drawable":129,"Texture":7}} }'),
    (4, 37, '129-8', 100, '{"Components": {"1":{"Drawable":129,"Texture":8}} }'),
    (4, 37, '129-9', 100, '{"Components": {"1":{"Drawable":129,"Texture":9}} }'),
    (4, 37, '129-10', 100, '{"Components": {"1":{"Drawable":129,"Texture":10}} }'),
    (4, 37, '129-11', 100, '{"Components": {"1":{"Drawable":129,"Texture":11}} }'),
    (4, 37, '129-12', 100, '{"Components": {"1":{"Drawable":129,"Texture":12}} }'),
    (4, 37, '129-13', 100, '{"Components": {"1":{"Drawable":129,"Texture":13}} }'),
    (4, 37, '129-14', 100, '{"Components": {"1":{"Drawable":129,"Texture":14}} }'),
    (4, 37, '129-15', 100, '{"Components": {"1":{"Drawable":129,"Texture":15}} }'),
    (4, 37, '129-16', 100, '{"Components": {"1":{"Drawable":129,"Texture":16}} }'),
    (4, 37, '129-17', 100, '{"Components": {"1":{"Drawable":129,"Texture":17}} }'),
    (4, 37, '130-0', 100, '{"Components": {"1":{"Drawable":130,"Texture":0}} }'),
    (4, 37, '130-1', 100, '{"Components": {"1":{"Drawable":130,"Texture":1}} }'),
    (4, 37, '130-2', 100, '{"Components": {"1":{"Drawable":130,"Texture":2}} }'),
    (4, 37, '130-3', 100, '{"Components": {"1":{"Drawable":130,"Texture":3}} }'),
    (4, 37, '130-4', 100, '{"Components": {"1":{"Drawable":130,"Texture":4}} }'),
    (4, 37, '130-5', 100, '{"Components": {"1":{"Drawable":130,"Texture":5}} }'),
    (4, 37, '130-6', 100, '{"Components": {"1":{"Drawable":130,"Texture":6}} }'),
    (4, 37, '130-7', 100, '{"Components": {"1":{"Drawable":130,"Texture":7}} }'),
    (4, 37, '130-8', 100, '{"Components": {"1":{"Drawable":130,"Texture":8}} }'),
    (4, 37, '130-9', 100, '{"Components": {"1":{"Drawable":130,"Texture":9}} }'),
    (4, 37, '130-10', 100, '{"Components": {"1":{"Drawable":130,"Texture":10}} }'),
    (4, 37, '130-11', 100, '{"Components": {"1":{"Drawable":130,"Texture":11}} }'),
    (4, 37, '130-12', 100, '{"Components": {"1":{"Drawable":130,"Texture":12}} }'),
    (4, 37, '130-13', 100, '{"Components": {"1":{"Drawable":130,"Texture":13}} }'),
    (4, 37, '130-14', 100, '{"Components": {"1":{"Drawable":130,"Texture":14}} }'),
    (4, 37, '130-15', 100, '{"Components": {"1":{"Drawable":130,"Texture":15}} }'),
    (4, 37, '130-16', 100, '{"Components": {"1":{"Drawable":130,"Texture":16}} }'),
    (4, 37, '130-17', 100, '{"Components": {"1":{"Drawable":130,"Texture":17}} }'),
    (4, 37, '130-18', 100, '{"Components": {"1":{"Drawable":130,"Texture":18}} }'),
    (4, 33, '131-0', 100, '{"Components": {"1":{"Drawable":131,"Texture":0}} }'),
    (4, 33, '131-1', 100, '{"Components": {"1":{"Drawable":131,"Texture":1}} }'),
    (4, 33, '131-2', 100, '{"Components": {"1":{"Drawable":131,"Texture":2}} }'),
    (4, 33, '131-3', 100, '{"Components": {"1":{"Drawable":131,"Texture":3}} }'),
    (4, 37, '133-0', 100, '{"Components": {"1":{"Drawable":133,"Texture":0}} }'),
    (4, 37, '133-1', 100, '{"Components": {"1":{"Drawable":133,"Texture":1}} }'),
    (4, 37, '133-2', 100, '{"Components": {"1":{"Drawable":133,"Texture":2}} }'),
    (4, 37, '133-3', 100, '{"Components": {"1":{"Drawable":133,"Texture":3}} }'),
    (4, 37, '133-4', 100, '{"Components": {"1":{"Drawable":133,"Texture":4}} }'),
    (4, 37, '133-5', 100, '{"Components": {"1":{"Drawable":133,"Texture":5}} }'),
    (4, 37, '133-6', 100, '{"Components": {"1":{"Drawable":133,"Texture":6}} }'),
    (4, 37, '133-7', 100, '{"Components": {"1":{"Drawable":133,"Texture":7}} }'),
    (4, 37, '133-8', 100, '{"Components": {"1":{"Drawable":133,"Texture":8}} }'),
    (4, 37, '133-9', 100, '{"Components": {"1":{"Drawable":133,"Texture":9}} }'),
    (4, 37, '133-10', 100, '{"Components": {"1":{"Drawable":133,"Texture":10}} }'),
    (4, 37, '133-11', 100, '{"Components": {"1":{"Drawable":133,"Texture":11}} }'),
    (4, 37, '133-12', 100, '{"Components": {"1":{"Drawable":133,"Texture":12}} }'),
    (4, 37, '133-13', 100, '{"Components": {"1":{"Drawable":133,"Texture":13}} }'),
    (4, 37, '133-14', 100, '{"Components": {"1":{"Drawable":133,"Texture":14}} }'),
    (4, 37, '133-15', 100, '{"Components": {"1":{"Drawable":133,"Texture":15}} }'),
    (4, 37, '133-16', 100, '{"Components": {"1":{"Drawable":133,"Texture":16}} }'),
    (4, 38, '135-0', 250, '{"Components": {"1":{"Drawable":135,"Texture":0}} }'),
    (4, 38, '135-1', 250, '{"Components": {"1":{"Drawable":135,"Texture":1}} }'),
    (4, 38, '135-2', 250, '{"Components": {"1":{"Drawable":135,"Texture":2}} }'),
    (4, 38, '135-3', 250, '{"Components": {"1":{"Drawable":135,"Texture":3}} }'),
    (4, 38, '135-4', 250, '{"Components": {"1":{"Drawable":135,"Texture":4}} }'),
    (4, 38, '135-5', 250, '{"Components": {"1":{"Drawable":135,"Texture":5}} }'),
    (4, 38, '135-6', 250, '{"Components": {"1":{"Drawable":135,"Texture":6}} }'),
    (4, 38, '135-7', 250, '{"Components": {"1":{"Drawable":135,"Texture":7}} }'),
    (4, 38, '135-8', 250, '{"Components": {"1":{"Drawable":135,"Texture":8}} }'),
    (4, 38, '135-9', 250, '{"Components": {"1":{"Drawable":135,"Texture":9}} }'),
    (4, 38, '135-10', 250, '{"Components": {"1":{"Drawable":135,"Texture":10}} }'),
    (4, 38, '135-11', 250, '{"Components": {"1":{"Drawable":135,"Texture":11}} }'),
    (4, 38, '135-12', 250, '{"Components": {"1":{"Drawable":135,"Texture":12}} }'),
    (4, 38, '135-13', 250, '{"Components": {"1":{"Drawable":135,"Texture":13}} }'),
    (4, 33, 'Bec funeste marron clair', 100, '{"Components": {"1":{"Drawable":136,"Texture":0}} }'),
    (4, 33, 'Bec funeste blanc', 100, '{"Components": {"1":{"Drawable":136,"Texture":1}} }'),
    (4, 33, 'Bec funeste noir', 100, '{"Components": {"1":{"Drawable":136,"Texture":2}} }'),
    (4, 33, 'Bec funeste croix rouge', 100, '{"Components": {"1":{"Drawable":136,"Texture":3}} }'),
    (4, 33, 'Bec funeste camo. vert', 100, '{"Components": {"1":{"Drawable":136,"Texture":4}} }'),
    (4, 33, 'Bec funeste camo. bleu', 100, '{"Components": {"1":{"Drawable":136,"Texture":5}} }'),
    (4, 33, 'Bec funeste camo. beige', 100, '{"Components": {"1":{"Drawable":136,"Texture":6}} }'),
    (4, 33, 'Bec funeste quadrillé', 100, '{"Components": {"1":{"Drawable":136,"Texture":7}} }'),
    (4, 33, 'Bec funeste éclats', 100, '{"Components": {"1":{"Drawable":136,"Texture":8}} }'),
    (4, 33, 'Bec funeste plumes rouges', 100, '{"Components": {"1":{"Drawable":136,"Texture":9}} }'),
    (4, 33, 'Bec funeste noir et blanc', 100, '{"Components": {"1":{"Drawable":136,"Texture":10}} }'),
    (4, 33, 'Bec funeste gris cendre', 100, '{"Components": {"1":{"Drawable":136,"Texture":11}} }'),
    (4, 33, 'Bec funeste noir et jaune', 100, '{"Components": {"1":{"Drawable":136,"Texture":12}} }'),
    (4, 33, 'Bec funeste rouge et blanc', 100, '{"Components": {"1":{"Drawable":136,"Texture":13}} }'),
    (4, 33, 'Bec funeste marron et blanc', 100, '{"Components": {"1":{"Drawable":136,"Texture":14}} }'),
    (4, 33, 'Bec funeste marron et jaune', 100, '{"Components": {"1":{"Drawable":136,"Texture":15}} }'),
    (4, 33, 'Pisteur vert', 100, '{"Components": {"1":{"Drawable":137,"Texture":0}} }'),
    (4, 33, 'Pisteur marron', 100, '{"Components": {"1":{"Drawable":137,"Texture":1}} }'),
    (4, 33, 'Pisteur mauve', 100, '{"Components": {"1":{"Drawable":137,"Texture":2}} }'),
    (4, 33, 'Pisteur rouge', 100, '{"Components": {"1":{"Drawable":137,"Texture":3}} }'),
    (4, 33, 'Pisteur noir', 100, '{"Components": {"1":{"Drawable":137,"Texture":4}} }'),
    (4, 33, 'Pisteur étoiles', 100, '{"Components": {"1":{"Drawable":137,"Texture":5}} }'),
    (4, 33, 'Pisteur camo. marron', 100, '{"Components": {"1":{"Drawable":137,"Texture":6}} }'),
    (4, 33, 'Pisteur camo. vert', 100, '{"Components": {"1":{"Drawable":137,"Texture":7}} }'),
    (4, 33, 'Pillard orange', 100, '{"Components": {"1":{"Drawable":138,"Texture":0}} }'),
    (4, 33, 'Pillard chocolat', 100, '{"Components": {"1":{"Drawable":138,"Texture":1}} }'),
    (4, 33, 'Pillard marron', 100, '{"Components": {"1":{"Drawable":138,"Texture":2}} }'),
    (4, 33, 'Pillard rouge', 100, '{"Components": {"1":{"Drawable":138,"Texture":3}} }'),
    (4, 33, 'Pillard beige', 100, '{"Components": {"1":{"Drawable":138,"Texture":4}} }'),
    (4, 33, 'Pillard orange vif', 100, '{"Components": {"1":{"Drawable":138,"Texture":5}} }'),
    (4, 33, 'Pillard bleu', 100, '{"Components": {"1":{"Drawable":138,"Texture":6}} }'),
    (4, 33, 'Pillard gris', 100, '{"Components": {"1":{"Drawable":138,"Texture":7}} }'),
    (4, 33, 'Pillard vert', 100, '{"Components": {"1":{"Drawable":138,"Texture":8}} }'),
    (4, 33, 'Pillard camo. marron', 100, '{"Components": {"1":{"Drawable":138,"Texture":9}} }'),
    (4, 33, 'Pillard rouge et gris', 100, '{"Components": {"1":{"Drawable":138,"Texture":10}} }'),
    (4, 33, 'Pillard orange et gris', 100, '{"Components": {"1":{"Drawable":138,"Texture":11}} }'),
    (4, 33, '139-0', 100, '{"Components": {"1":{"Drawable":139,"Texture":0}} }'),
    (4, 33, '139-1', 100, '{"Components": {"1":{"Drawable":139,"Texture":1}} }'),
    (4, 33, '139-2', 100, '{"Components": {"1":{"Drawable":139,"Texture":2}} }'),
    (4, 33, '139-3', 100, '{"Components": {"1":{"Drawable":139,"Texture":3}} }'),
    (4, 33, '139-4', 100, '{"Components": {"1":{"Drawable":139,"Texture":4}} }'),
    (4, 33, '139-5', 100, '{"Components": {"1":{"Drawable":139,"Texture":5}} }'),
    (4, 33, '139-6', 100, '{"Components": {"1":{"Drawable":139,"Texture":6}} }'),
    (4, 33, '139-7', 100, '{"Components": {"1":{"Drawable":139,"Texture":7}} }'),
    (4, 33, '139-8', 100, '{"Components": {"1":{"Drawable":139,"Texture":8}} }'),
    (4, 33, '139-9', 100, '{"Components": {"1":{"Drawable":139,"Texture":9}} }'),
    (4, 33, '139-10', 100, '{"Components": {"1":{"Drawable":139,"Texture":10}} }'),
    (4, 33, '139-11', 100, '{"Components": {"1":{"Drawable":139,"Texture":11}} }'),
    (4, 33, '140-0', 100, '{"Components": {"1":{"Drawable":140,"Texture":0}} }'),
    (4, 33, '140-1', 100, '{"Components": {"1":{"Drawable":140,"Texture":1}} }'),
    (4, 33, '140-2', 100, '{"Components": {"1":{"Drawable":140,"Texture":2}} }'),
    (4, 33, '140-3', 100, '{"Components": {"1":{"Drawable":140,"Texture":3}} }'),
    (4, 33, '140-4', 100, '{"Components": {"1":{"Drawable":140,"Texture":4}} }'),
    (4, 33, '140-5', 100, '{"Components": {"1":{"Drawable":140,"Texture":5}} }'),
    (4, 33, '140-6', 100, '{"Components": {"1":{"Drawable":140,"Texture":6}} }'),
    (4, 33, '140-7', 100, '{"Components": {"1":{"Drawable":140,"Texture":7}} }'),
    (4, 33, '140-8', 100, '{"Components": {"1":{"Drawable":140,"Texture":8}} }'),
    (4, 33, '140-9', 100, '{"Components": {"1":{"Drawable":140,"Texture":9}} }'),
    (4, 33, '140-10', 100, '{"Components": {"1":{"Drawable":140,"Texture":10}} }'),
    (4, 33, '140-11', 100, '{"Components": {"1":{"Drawable":140,"Texture":11}} }'),
    (4, 33, '141-0', 100, '{"Components": {"1":{"Drawable":141,"Texture":0}} }'),
    (4, 33, '141-1', 100, '{"Components": {"1":{"Drawable":141,"Texture":1}} }'),
    (4, 33, '141-2', 100, '{"Components": {"1":{"Drawable":141,"Texture":2}} }'),
    (4, 33, '141-3', 100, '{"Components": {"1":{"Drawable":141,"Texture":3}} }'),
    (4, 33, '141-4', 100, '{"Components": {"1":{"Drawable":141,"Texture":4}} }'),
    (4, 33, '141-5', 100, '{"Components": {"1":{"Drawable":141,"Texture":5}} }'),
    (4, 33, '141-6', 100, '{"Components": {"1":{"Drawable":141,"Texture":6}} }'),
    (4, 33, '141-7', 100, '{"Components": {"1":{"Drawable":141,"Texture":7}} }'),
    (4, 33, '141-8', 100, '{"Components": {"1":{"Drawable":141,"Texture":8}} }'),
    (4, 33, '141-9', 100, '{"Components": {"1":{"Drawable":141,"Texture":9}} }'),
    (4, 33, '141-10', 100, '{"Components": {"1":{"Drawable":141,"Texture":10}} }'),
    (4, 33, '141-11', 100, '{"Components": {"1":{"Drawable":141,"Texture":11}} }'),
    (4, 37, 'Maraudeur brun', 100, '{"Components": {"1":{"Drawable":142,"Texture":0}} }'),
    (4, 37, 'Maraudeur radioactif', 100, '{"Components": {"1":{"Drawable":142,"Texture":1}} }'),
    (4, 37, 'Maraudeur éclair', 100, '{"Components": {"1":{"Drawable":142,"Texture":2}} }'),
    (4, 37, 'Maraudeur de marque', 100, '{"Components": {"1":{"Drawable":142,"Texture":3}} }'),
    (4, 37, 'Maraudeur tête de mort', 100, '{"Components": {"1":{"Drawable":142,"Texture":4}} }'),
    (4, 37, 'Maraudeur bande rouge', 100, '{"Components": {"1":{"Drawable":142,"Texture":5}} }'),
    (4, 37, 'Maraudeur jaune', 100, '{"Components": {"1":{"Drawable":142,"Texture":6}} }'),
    (4, 37, 'Maraudeur boule 8', 100, '{"Components": {"1":{"Drawable":142,"Texture":7}} }'),
    (4, 37, 'Maraudeur flèche noir', 100, '{"Components": {"1":{"Drawable":142,"Texture":8}} }'),
    (4, 37, 'Maraudeur étoiles filantes', 100, '{"Components": {"1":{"Drawable":142,"Texture":9}} }'),
    (4, 37, 'Maraudeur belge', 100, '{"Components": {"1":{"Drawable":142,"Texture":10}} }'),
    (4, 37, 'Maraudeur noir', 100, '{"Components": {"1":{"Drawable":142,"Texture":11}} }'),
    (4, 38, 'Masque de Paco le taco', 250, '{"Components": {"1":{"Drawable":143,"Texture":0}} }'),
    (4, 38, 'Masque Burger Shot', 250, '{"Components": {"1":{"Drawable":144,"Texture":0}} }'),
    (4, 38, 'Masque Cluckin\' Bell', 250, '{"Components": {"1":{"Drawable":145,"Texture":0}} }'),
    (4, 38, '147-0', 250, '{"Components": {"1":{"Drawable":147,"Texture":0}} }'),
    (4, 38, '149-0', 250, '{"Components": {"1":{"Drawable":149,"Texture":0}} }'),
    (4, 38, '150-0', 250, '{"Components": {"1":{"Drawable":150,"Texture":0}} }'),
    (4, 38, '151-0', 250, '{"Components": {"1":{"Drawable":151,"Texture":0}} }'),
    (4, 38, '152-0', 250, '{"Components": {"1":{"Drawable":152,"Texture":0}} }'),
    (4, 38, '153-0', 250, '{"Components": {"1":{"Drawable":153,"Texture":0}} }'),
    (4, 38, '154-0', 250, '{"Components": {"1":{"Drawable":154,"Texture":0}} }'),
    (4, 38, '155-0', 250, '{"Components": {"1":{"Drawable":155,"Texture":0}} }'),
    (4, 38, '155-1', 250, '{"Components": {"1":{"Drawable":155,"Texture":1}} }'),
    (4, 38, '155-2', 250, '{"Components": {"1":{"Drawable":155,"Texture":2}} }'),
    (4, 38, '155-3', 250, '{"Components": {"1":{"Drawable":155,"Texture":3}} }'),
    (4, 38, '156-0', 250, '{"Components": {"1":{"Drawable":156,"Texture":0}} }'),
    (4, 38, '156-1', 250, '{"Components": {"1":{"Drawable":156,"Texture":1}} }'),
    (4, 38, '156-2', 250, '{"Components": {"1":{"Drawable":156,"Texture":2}} }'),
    (4, 38, '156-3', 250, '{"Components": {"1":{"Drawable":156,"Texture":3}} }'),
    (4, 38, '157-0', 250, '{"Components": {"1":{"Drawable":157,"Texture":0}} }'),
    (4, 38, '157-1', 250, '{"Components": {"1":{"Drawable":157,"Texture":1}} }'),
    (4, 38, '157-2', 250, '{"Components": {"1":{"Drawable":157,"Texture":2}} }'),
    (4, 38, '157-3', 250, '{"Components": {"1":{"Drawable":157,"Texture":3}} }'),
    (4, 38, '158-0', 250, '{"Components": {"1":{"Drawable":158,"Texture":0}} }'),
    (4, 38, '158-1', 250, '{"Components": {"1":{"Drawable":158,"Texture":1}} }'),
    (4, 38, '158-2', 250, '{"Components": {"1":{"Drawable":158,"Texture":2}} }'),
    (4, 38, '158-3', 250, '{"Components": {"1":{"Drawable":158,"Texture":3}} }'),
    (4, 38, '159-0', 250, '{"Components": {"1":{"Drawable":159,"Texture":0}} }'),
    (4, 38, '159-1', 250, '{"Components": {"1":{"Drawable":159,"Texture":1}} }'),
    (4, 38, '159-2', 250, '{"Components": {"1":{"Drawable":159,"Texture":2}} }'),
    (4, 38, '159-3', 250, '{"Components": {"1":{"Drawable":159,"Texture":3}} }'),
    (4, 33, 'Sourire de bébé', 100, '{"Components": {"1":{"Drawable":160,"Texture":0}} }'),
    (4, 33, 'Monstruosité', 100, '{"Components": {"1":{"Drawable":161,"Texture":0}} }'),
    (4, 33, 'Cochonnet', 100, '{"Components": {"1":{"Drawable":162,"Texture":0}} }'),
    (4, 33, 'Singe', 100, '{"Components": {"1":{"Drawable":163,"Texture":0}} }'),
    (4, 33, 'Sourire rassurant', 100, '{"Components": {"1":{"Drawable":164,"Texture":0}} }'),
    (4, 33, 'Lapin duveteux', 100, '{"Components": {"1":{"Drawable":165,"Texture":0}} }'),
    (4, 35, '166-0', 100, '{"Components": {"1":{"Drawable":166,"Texture":0}} }'),
    (4, 35, '166-1', 100, '{"Components": {"1":{"Drawable":166,"Texture":1}} }'),
    (4, 35, '166-2', 100, '{"Components": {"1":{"Drawable":166,"Texture":2}} }'),
    (4, 35, '166-3', 100, '{"Components": {"1":{"Drawable":166,"Texture":3}} }'),
    (4, 37, 'Sniper', 100, '{"Components": {"1":{"Drawable":167,"Texture":0}} }'),
    (4, 33, 'À nu', 100, '{"Components": {"1":{"Drawable":168,"Texture":0}} }'),
    (4, 36, 'Renard géométrique', 200, '{"Components": {"1":{"Drawable":171,"Texture":0}} }'),
    (4, 36, 'Chat roux/blanc géométrique', 200, '{"Components": {"1":{"Drawable":172,"Texture":0}} }'),
    (4, 36, 'Chat gris/blanc géométrique', 200, '{"Components": {"1":{"Drawable":172,"Texture":1}} }'),
    (4, 36, 'Chat noir/blanc géométrique', 200, '{"Components": {"1":{"Drawable":172,"Texture":2}} }'),
    (4, 36, 'Cochon géométrique', 200, '{"Components": {"1":{"Drawable":173,"Texture":0}} }'),
    (4, 37, 'Cagoule cuir gris et rouge', 100, '{"Components": {"1":{"Drawable":174,"Texture":0}} }'),
    (4, 37, 'Cagoule cuir cendre et blanc', 100, '{"Components": {"1":{"Drawable":174,"Texture":1}} }'),
    (4, 37, 'Cagoule cuir gris et blanc', 100, '{"Components": {"1":{"Drawable":174,"Texture":2}} }'),
    (4, 37, 'Cagoule cuir rouge usé', 100, '{"Components": {"1":{"Drawable":174,"Texture":3}} }'),
    (4, 37, 'Cagoule cuir jaune usé', 100, '{"Components": {"1":{"Drawable":174,"Texture":4}} }'),
    (4, 37, 'Cagoule cuir vert usé', 100, '{"Components": {"1":{"Drawable":174,"Texture":5}} }'),
    (4, 37, 'Cagoule cuir volutes noires', 100, '{"Components": {"1":{"Drawable":174,"Texture":6}} }'),
    (4, 37, 'Cagoule cuir volutes rouges', 100, '{"Components": {"1":{"Drawable":174,"Texture":7}} }'),
    (4, 37, 'Cagoule cuir volutes jaunes', 100, '{"Components": {"1":{"Drawable":174,"Texture":8}} }'),
    (4, 37, 'Cagoule cuir pâle', 100, '{"Components": {"1":{"Drawable":174,"Texture":9}} }'),
    (4, 37, 'Cagoule cuir lèvres rouges', 100, '{"Components": {"1":{"Drawable":174,"Texture":10}} }'),
    (4, 37, 'Cagoule cuir gris foncé', 100, '{"Components": {"1":{"Drawable":174,"Texture":11}} }'),
    (4, 37, 'Cagoule cuir rouge', 100, '{"Components": {"1":{"Drawable":174,"Texture":12}} }'),
    (4, 37, 'Cagoule cuir cyan', 100, '{"Components": {"1":{"Drawable":174,"Texture":13}} }'),
    (4, 37, 'Cagoule cuir rose foncé', 100, '{"Components": {"1":{"Drawable":174,"Texture":14}} }'),
    (4, 37, 'Cagoule cuir vert', 100, '{"Components": {"1":{"Drawable":174,"Texture":15}} }'),
    (4, 37, 'Cagoule cuir pêche', 100, '{"Components": {"1":{"Drawable":174,"Texture":16}} }'),
    (4, 37, 'Cagoule cuir mauve', 100, '{"Components": {"1":{"Drawable":174,"Texture":17}} }'),
    (4, 37, 'Cagoule cuir rose pâle', 100, '{"Components": {"1":{"Drawable":174,"Texture":18}} }'),
    (4, 37, 'Cagoule cuir ocre brun', 100, '{"Components": {"1":{"Drawable":174,"Texture":19}} }'),
    (4, 37, 'Cagoule cuir bleu ancien', 100, '{"Components": {"1":{"Drawable":174,"Texture":20}} }'),
    (4, 37, 'Cagoule cuir gris', 100, '{"Components": {"1":{"Drawable":174,"Texture":21}} }'),
    (4, 37, 'Cagoule cuir blanc cassé', 100, '{"Components": {"1":{"Drawable":174,"Texture":22}} }'),
    (4, 37, 'Cagoule cuir blanc', 100, '{"Components": {"1":{"Drawable":174,"Texture":23}} }'),
    (4, 37, 'Cagoule cuir grège', 100, '{"Components": {"1":{"Drawable":174,"Texture":24}} }'),
    (4, 38, 'Respirateur doré', 250, '{"Components": {"1":{"Drawable":175,"Texture":0}} }'),
    (4, 38, 'Respirateur orange', 250, '{"Components": {"1":{"Drawable":175,"Texture":1}} }'),
    (4, 38, 'Respirateur visière verte', 250, '{"Components": {"1":{"Drawable":175,"Texture":2}} }'),
    (4, 38, 'Respirateur visière jaune', 250, '{"Components": {"1":{"Drawable":175,"Texture":3}} }'),
    (4, 36, 'Chien doré géométrique', 200, '{"Components": {"1":{"Drawable":176,"Texture":0}} }'),
    (4, 36, 'Chien blanc géométrique', 200, '{"Components": {"1":{"Drawable":176,"Texture":1}} }'),
    (4, 36, 'Chien marron géométrique', 200, '{"Components": {"1":{"Drawable":176,"Texture":2}} }'),
    (4, 36, 'Chien gris géométrique', 200, '{"Components": {"1":{"Drawable":176,"Texture":3}} }'),
    (4, 37, 'Cuir gris et rouge', 100, '{"Components": {"1":{"Drawable":178,"Texture":0}} }'),
    (4, 37, 'Cuir cendre et blanc', 100, '{"Components": {"1":{"Drawable":178,"Texture":1}} }'),
    (4, 37, 'Cuir gris et blanc', 100, '{"Components": {"1":{"Drawable":178,"Texture":2}} }'),
    (4, 37, 'Cuir rouge usé', 100, '{"Components": {"1":{"Drawable":178,"Texture":3}} }'),
    (4, 37, 'Cuir jaune usé', 100, '{"Components": {"1":{"Drawable":178,"Texture":4}} }'),
    (4, 37, 'Cuir vert usé', 100, '{"Components": {"1":{"Drawable":178,"Texture":5}} }'),
    (4, 37, 'Cuir vol. noires', 100, '{"Components": {"1":{"Drawable":178,"Texture":6}} }'),
    (4, 37, 'Cuir vol. rouges', 100, '{"Components": {"1":{"Drawable":178,"Texture":7}} }'),
    (4, 37, 'Cuir vol. jaunes', 100, '{"Components": {"1":{"Drawable":178,"Texture":8}} }'),
    (4, 37, 'Cuir pâle', 100, '{"Components": {"1":{"Drawable":178,"Texture":9}} }'),
    (4, 37, 'Cuir lèvres rouges', 100, '{"Components": {"1":{"Drawable":178,"Texture":10}} }'),
    (4, 37, 'Cuir gris foncé', 100, '{"Components": {"1":{"Drawable":178,"Texture":11}} }'),
    (4, 37, 'Cuir rouge', 100, '{"Components": {"1":{"Drawable":178,"Texture":12}} }'),
    (4, 37, 'Cuir cyan', 100, '{"Components": {"1":{"Drawable":178,"Texture":13}} }'),
    (4, 37, 'Cuir rose foncé', 100, '{"Components": {"1":{"Drawable":178,"Texture":14}} }'),
    (4, 37, 'Cuir vert', 100, '{"Components": {"1":{"Drawable":178,"Texture":15}} }'),
    (4, 37, 'Cuir pêche', 100, '{"Components": {"1":{"Drawable":178,"Texture":16}} }'),
    (4, 37, 'Cuir mauve', 100, '{"Components": {"1":{"Drawable":178,"Texture":17}} }'),
    (4, 37, 'Cuir role pâle', 100, '{"Components": {"1":{"Drawable":178,"Texture":18}} }'),
    (4, 37, 'Cuir ocre brun', 100, '{"Components": {"1":{"Drawable":178,"Texture":19}} }'),
    (4, 37, 'Cuir bleu ancien', 100, '{"Components": {"1":{"Drawable":178,"Texture":20}} }'),
    (4, 37, 'Cuir gris', 100, '{"Components": {"1":{"Drawable":178,"Texture":21}} }'),
    (4, 37, 'Cuir blanc cassé', 100, '{"Components": {"1":{"Drawable":178,"Texture":22}} }'),
    (4, 37, 'Cuir blanc', 100, '{"Components": {"1":{"Drawable":178,"Texture":23}} }'),
    (4, 37, 'Cuir grège', 100, '{"Components": {"1":{"Drawable":178,"Texture":24}} }'),
    (4, 37, 'Smiley sourire', 100, '{"Components": {"1":{"Drawable":179,"Texture":0}} }'),
    (4, 37, 'Smiley pleurs', 100, '{"Components": {"1":{"Drawable":179,"Texture":1}} }'),
    (4, 37, 'Smiley rire', 100, '{"Components": {"1":{"Drawable":179,"Texture":2}} }'),
    (4, 37, 'Smiley grimace', 100, '{"Components": {"1":{"Drawable":179,"Texture":3}} }'),
    (4, 37, 'Smiley amour', 100, '{"Components": {"1":{"Drawable":179,"Texture":4}} }'),
    (4, 37, 'Smiley bisou', 100, '{"Components": {"1":{"Drawable":179,"Texture":5}} }'),
    (4, 37, 'Smiley exclamation', 100, '{"Components": {"1":{"Drawable":179,"Texture":6}} }'),
    (4, 37, 'Smiley clin d\'oeil', 100, '{"Components": {"1":{"Drawable":179,"Texture":7}} }'),
    (4, 33, '180-0', 100, '{"Components": {"1":{"Drawable":180,"Texture":0}} }'),
    (4, 33, '180-1', 100, '{"Components": {"1":{"Drawable":180,"Texture":1}} }'),
    (4, 33, '180-2', 100, '{"Components": {"1":{"Drawable":180,"Texture":2}} }'),
    (4, 33, '180-3', 100, '{"Components": {"1":{"Drawable":180,"Texture":3}} }'),
    (4, 33, '180-4', 100, '{"Components": {"1":{"Drawable":180,"Texture":4}} }'),
    (4, 33, '180-5', 100, '{"Components": {"1":{"Drawable":180,"Texture":5}} }'),
    (4, 33, '180-6', 100, '{"Components": {"1":{"Drawable":180,"Texture":6}} }'),
    (4, 33, '180-7', 100, '{"Components": {"1":{"Drawable":180,"Texture":7}} }'),
    (4, 33, '180-8', 100, '{"Components": {"1":{"Drawable":180,"Texture":8}} }'),
    (4, 33, '180-9', 100, '{"Components": {"1":{"Drawable":180,"Texture":9}} }'),
    (4, 33, '180-10', 100, '{"Components": {"1":{"Drawable":180,"Texture":10}} }'),
    (4, 33, '180-11', 100, '{"Components": {"1":{"Drawable":180,"Texture":11}} }'),
    (4, 33, '180-12', 100, '{"Components": {"1":{"Drawable":180,"Texture":12}} }'),
    (4, 36, 'Tortue verte', 200, '{"Components": {"1":{"Drawable":181,"Texture":0}} }'),
    (4, 36, 'Tortue marron', 200, '{"Components": {"1":{"Drawable":181,"Texture":1}} }'),
    (4, 36, 'Tortue vert mousse', 200, '{"Components": {"1":{"Drawable":181,"Texture":2}} }'),
    (4, 36, 'Tortue des marais', 200, '{"Components": {"1":{"Drawable":181,"Texture":3}} }'),
    (4, 36, 'Souris blanche', 200, '{"Components": {"1":{"Drawable":182,"Texture":0}} }'),
    (4, 36, 'Souris marron', 200, '{"Components": {"1":{"Drawable":182,"Texture":1}} }'),
    (4, 36, 'Souris brun clair', 200, '{"Components": {"1":{"Drawable":182,"Texture":2}} }'),
    (4, 36, 'Souris grise', 200, '{"Components": {"1":{"Drawable":182,"Texture":3}} }'),
    (4, 37, '183-0', 100, '{"Components": {"1":{"Drawable":183,"Texture":0}} }'),
    (4, 37, '183-1', 100, '{"Components": {"1":{"Drawable":183,"Texture":1}} }'),
    (4, 37, '183-2', 100, '{"Components": {"1":{"Drawable":183,"Texture":2}} }'),
    (4, 37, '183-3', 100, '{"Components": {"1":{"Drawable":183,"Texture":3}} }'),
    (4, 37, '183-4', 100, '{"Components": {"1":{"Drawable":183,"Texture":4}} }'),
    (4, 37, '183-5', 100, '{"Components": {"1":{"Drawable":183,"Texture":5}} }'),
    (4, 37, '183-6', 100, '{"Components": {"1":{"Drawable":183,"Texture":6}} }'),
    (4, 37, '183-7', 100, '{"Components": {"1":{"Drawable":183,"Texture":7}} }'),
    (4, 37, '183-8', 100, '{"Components": {"1":{"Drawable":183,"Texture":8}} }'),
    (4, 37, '183-9', 100, '{"Components": {"1":{"Drawable":183,"Texture":9}} }'),
    (4, 37, '183-10', 100, '{"Components": {"1":{"Drawable":183,"Texture":10}} }'),
    (4, 37, '183-11', 100, '{"Components": {"1":{"Drawable":183,"Texture":11}} }'),
    (4, 37, '183-12', 100, '{"Components": {"1":{"Drawable":183,"Texture":12}} }'),
    (4, 37, '183-13', 100, '{"Components": {"1":{"Drawable":183,"Texture":13}} }'),
    (4, 37, '183-14', 100, '{"Components": {"1":{"Drawable":183,"Texture":14}} }'),
    (4, 37, '183-15', 100, '{"Components": {"1":{"Drawable":183,"Texture":15}} }'),
    (4, 36, 'Hyène marron', 200, '{"Components": {"1":{"Drawable":184,"Texture":0}} }'),
    (4, 36, 'Hyène grise', 200, '{"Components": {"1":{"Drawable":184,"Texture":1}} }'),
    (4, 36, 'Hyène grège', 200, '{"Components": {"1":{"Drawable":184,"Texture":2}} }'),
    (4, 36, 'Hyène gris foncé', 200, '{"Components": {"1":{"Drawable":184,"Texture":3}} }'),
    (4, 36, '185-0', 150, '{"Components": {"1":{"Drawable":185,"Texture":0}} }'),
    (4, 36, '185-1', 150, '{"Components": {"1":{"Drawable":185,"Texture":1}} }'),
    (4, 36, '185-2', 150, '{"Components": {"1":{"Drawable":185,"Texture":2}} }'),
    (4, 36, '185-3', 150, '{"Components": {"1":{"Drawable":185,"Texture":3}} }'),
    (4, 36, '185-4', 150, '{"Components": {"1":{"Drawable":185,"Texture":4}} }'),
    (4, 36, '185-5', 150, '{"Components": {"1":{"Drawable":185,"Texture":5}} }'),
    (4, 36, '185-6', 150, '{"Components": {"1":{"Drawable":185,"Texture":6}} }'),
    (4, 36, '185-7', 150, '{"Components": {"1":{"Drawable":185,"Texture":7}} }'),
    (4, 36, '185-8', 150, '{"Components": {"1":{"Drawable":185,"Texture":8}} }'),
    (4, 36, '185-9', 150, '{"Components": {"1":{"Drawable":185,"Texture":9}} }'),
    (4, 36, '185-10', 150, '{"Components": {"1":{"Drawable":185,"Texture":10}} }'),
    (4, 36, '185-11', 150, '{"Components": {"1":{"Drawable":185,"Texture":11}} }'),
    (4, 36, '185-12', 150, '{"Components": {"1":{"Drawable":185,"Texture":12}} }'),
    (4, 36, '185-13', 150, '{"Components": {"1":{"Drawable":185,"Texture":13}} }'),
    (4, 36, '185-14', 150, '{"Components": {"1":{"Drawable":185,"Texture":14}} }'),
    (4, 36, '185-15', 150, '{"Components": {"1":{"Drawable":185,"Texture":15}} }'),
    (4, 36, '185-16', 150, '{"Components": {"1":{"Drawable":185,"Texture":16}} }'),
    (4, 36, '185-17', 150, '{"Components": {"1":{"Drawable":185,"Texture":17}} }'),
    (4, 36, '185-18', 150, '{"Components": {"1":{"Drawable":185,"Texture":18}} }'),
    (4, 36, '185-19', 150, '{"Components": {"1":{"Drawable":185,"Texture":19}} }'),
    (4, 36, '185-20', 150, '{"Components": {"1":{"Drawable":185,"Texture":20}} }'),
    (4, 35, '186-0', 100, '{"Components": {"1":{"Drawable":186,"Texture":0}} }'),
    (4, 35, '186-1', 100, '{"Components": {"1":{"Drawable":186,"Texture":1}} }'),
    (4, 35, '186-2', 100, '{"Components": {"1":{"Drawable":186,"Texture":2}} }'),
    (4, 35, '186-3', 100, '{"Components": {"1":{"Drawable":186,"Texture":3}} }'),
    (4, 35, '186-4', 100, '{"Components": {"1":{"Drawable":186,"Texture":4}} }'),
    (4, 35, '186-5', 100, '{"Components": {"1":{"Drawable":186,"Texture":5}} }'),
    (4, 35, '186-6', 100, '{"Components": {"1":{"Drawable":186,"Texture":6}} }'),
    (4, 35, '186-7', 100, '{"Components": {"1":{"Drawable":186,"Texture":7}} }'),
    (4, 35, '186-8', 100, '{"Components": {"1":{"Drawable":186,"Texture":8}} }'),
    (4, 37, '188-0', 100, '{"Components": {"1":{"Drawable":188,"Texture":0}} }'),
    (4, 37, '188-1', 100, '{"Components": {"1":{"Drawable":188,"Texture":1}} }'),
    (4, 37, '188-2', 100, '{"Components": {"1":{"Drawable":188,"Texture":2}} }'),
    (4, 37, '188-3', 100, '{"Components": {"1":{"Drawable":188,"Texture":3}} }'),
    (4, 37, '188-4', 100, '{"Components": {"1":{"Drawable":188,"Texture":4}} }'),
    (4, 37, '188-5', 100, '{"Components": {"1":{"Drawable":188,"Texture":5}} }'),
    (4, 37, '188-6', 100, '{"Components": {"1":{"Drawable":188,"Texture":6}} }'),
    (4, 37, '188-7', 100, '{"Components": {"1":{"Drawable":188,"Texture":7}} }'),
    (4, 37, '188-8', 100, '{"Components": {"1":{"Drawable":188,"Texture":8}} }'),
    (4, 37, '188-9', 100, '{"Components": {"1":{"Drawable":188,"Texture":9}} }'),
    (4, 37, '188-10', 100, '{"Components": {"1":{"Drawable":188,"Texture":10}} }'),
    (4, 37, '188-11', 100, '{"Components": {"1":{"Drawable":188,"Texture":11}} }'),
    (4, 33, '190-0', 100, '{"Components": {"1":{"Drawable":190,"Texture":0}} }'),
    (4, 33, '190-1', 100, '{"Components": {"1":{"Drawable":190,"Texture":1}} }'),
    (4, 33, '190-2', 100, '{"Components": {"1":{"Drawable":190,"Texture":2}} }'),
    (4, 33, '190-3', 100, '{"Components": {"1":{"Drawable":190,"Texture":3}} }'),
    (4, 33, '191-0', 100, '{"Components": {"1":{"Drawable":191,"Texture":0}} }'),
    (4, 33, '191-1', 100, '{"Components": {"1":{"Drawable":191,"Texture":1}} }'),
    (4, 33, '191-2', 100, '{"Components": {"1":{"Drawable":191,"Texture":2}} }'),
    (4, 33, '191-3', 100, '{"Components": {"1":{"Drawable":191,"Texture":3}} }'),
    (4, 33, '192-0', 100, '{"Components": {"1":{"Drawable":192,"Texture":0}} }'),
    (4, 33, '192-1', 100, '{"Components": {"1":{"Drawable":192,"Texture":1}} }'),
    (4, 33, '192-2', 100, '{"Components": {"1":{"Drawable":192,"Texture":2}} }'),
    (4, 33, '192-3', 100, '{"Components": {"1":{"Drawable":192,"Texture":3}} }'),
    (4, 36, '193-0', 200, '{"Components": {"1":{"Drawable":193,"Texture":0}} }'),
    (4, 36, '195-0', 200, '{"Components": {"1":{"Drawable":195,"Texture":0}} }'),
    (4, 36, '195-1', 200, '{"Components": {"1":{"Drawable":195,"Texture":1}} }'),
    (4, 36, '195-2', 200, '{"Components": {"1":{"Drawable":195,"Texture":2}} }'),
    (4, 36, '195-3', 200, '{"Components": {"1":{"Drawable":195,"Texture":3}} }'),
    (4, 36, '196-0', 200, '{"Components": {"1":{"Drawable":196,"Texture":0}} }'),
    (4, 36, '196-1', 200, '{"Components": {"1":{"Drawable":196,"Texture":1}} }'),
    (4, 36, '196-2', 200, '{"Components": {"1":{"Drawable":196,"Texture":2}} }'),
    (4, 36, '196-3', 200, '{"Components": {"1":{"Drawable":196,"Texture":3}} }'),
    (4, 36, '197-0', 200, '{"Components": {"1":{"Drawable":197,"Texture":0}} }'),
    (4, 36, '197-1', 200, '{"Components": {"1":{"Drawable":197,"Texture":1}} }'),
    (4, 36, '197-2', 200, '{"Components": {"1":{"Drawable":197,"Texture":2}} }'),
    (4, 36, '197-3', 200, '{"Components": {"1":{"Drawable":197,"Texture":3}} }'),
    (4, 33, '198-0', 100, '{"Components": {"1":{"Drawable":198,"Texture":0}} }'),
    (4, 33, '199-0', 100, '{"Components": {"1":{"Drawable":199,"Texture":0}} }'),
    (4, 33, '199-1', 100, '{"Components": {"1":{"Drawable":199,"Texture":1}} }'),
    (4, 33, '199-2', 100, '{"Components": {"1":{"Drawable":199,"Texture":2}} }'),
    (4, 37, '201-0', 100, '{"Components": {"1":{"Drawable":201,"Texture":0}} }'),
    (4, 33, '202-0', 100, '{"Components": {"1":{"Drawable":202,"Texture":0}} }'),
    (4, 36, '203-0', 200, '{"Components": {"1":{"Drawable":203,"Texture":0}} }'),
    (4, 36, '203-1', 200, '{"Components": {"1":{"Drawable":203,"Texture":1}} }'),
    (4, 36, '203-2', 200, '{"Components": {"1":{"Drawable":203,"Texture":2}} }'),
    (4, 36, '203-3', 200, '{"Components": {"1":{"Drawable":203,"Texture":3}} }'),
    (4, 33, '204-0', 100, '{"Components": {"1":{"Drawable":204,"Texture":0}} }'),
    (4, 33, '204-1', 100, '{"Components": {"1":{"Drawable":204,"Texture":1}} }'),
    (4, 33, '204-2', 100, '{"Components": {"1":{"Drawable":204,"Texture":2}} }'),
    (4, 33, '205-0', 100, '{"Components": {"1":{"Drawable":205,"Texture":0}} }'),
    (4, 34, 'Conquête', 250, '{"Components": {"1":{"Drawable":206,"Texture":0}} }'),
    (4, 33, '207-0', 100, '{"Components": {"1":{"Drawable":207,"Texture":0}} }'),
    (4, 33, '207-1', 100, '{"Components": {"1":{"Drawable":207,"Texture":1}} }'),
    (4, 33, '207-2', 100, '{"Components": {"1":{"Drawable":207,"Texture":2}} }'),
    (4, 37, '208-0', 100, '{"Components": {"1":{"Drawable":208,"Texture":0}} }'),
    (4, 37, '208-1', 100, '{"Components": {"1":{"Drawable":208,"Texture":1}} }'),
    (4, 37, '208-2', 100, '{"Components": {"1":{"Drawable":208,"Texture":2}} }'),
    (4, 37, '208-3', 100, '{"Components": {"1":{"Drawable":208,"Texture":3}} }'),
    (4, 37, '208-4', 100, '{"Components": {"1":{"Drawable":208,"Texture":4}} }'),
    (4, 37, '208-5', 100, '{"Components": {"1":{"Drawable":208,"Texture":5}} }'),
    (4, 37, '208-6', 100, '{"Components": {"1":{"Drawable":208,"Texture":6}} }'),
    (4, 37, '208-7', 100, '{"Components": {"1":{"Drawable":208,"Texture":7}} }'),
    (4, 37, '208-8', 100, '{"Components": {"1":{"Drawable":208,"Texture":8}} }'),
    (4, 37, '208-9', 100, '{"Components": {"1":{"Drawable":208,"Texture":9}} }'),
    (4, 37, '208-10', 100, '{"Components": {"1":{"Drawable":208,"Texture":10}} }'),
    (4, 37, '208-11', 100, '{"Components": {"1":{"Drawable":208,"Texture":11}} }'),
    (4, 37, '208-12', 100, '{"Components": {"1":{"Drawable":208,"Texture":12}} }'),
    (4, 37, '208-13', 100, '{"Components": {"1":{"Drawable":208,"Texture":13}} }'),
    (4, 37, '208-14', 100, '{"Components": {"1":{"Drawable":208,"Texture":14}} }'),
    (4, 37, '208-15', 100, '{"Components": {"1":{"Drawable":208,"Texture":15}} }'),
    (4, 37, '208-16', 100, '{"Components": {"1":{"Drawable":208,"Texture":16}} }'),
    (4, 37, '208-17', 100, '{"Components": {"1":{"Drawable":208,"Texture":17}} }'),
    (4, 37, '208-18', 100, '{"Components": {"1":{"Drawable":208,"Texture":18}} }'),
    (4, 37, '208-19', 100, '{"Components": {"1":{"Drawable":208,"Texture":19}} }'),
    (4, 37, '208-20', 100, '{"Components": {"1":{"Drawable":208,"Texture":20}} }')
;
